bs,seq,nh,nkv,hd,t_measured_ms
1,1,2,2,64,0.05910266190767288
1,1,2,4,64,-1.0
1,1,2,4,128,-1.0
1,1,2,8,64,-1.0
1,1,2,8,128,-1.0
1,1,4,1,64,0.05222205072641373
1,1,4,1,128,0.05183881148695946
1,1,4,8,64,-1.0
1,1,4,8,128,-1.0
1,1,8,2,64,0.05017407238483429
1,1,8,4,128,0.051934272050857544
1,1,8,8,128,0.053309835493564606
1,1,16,2,64,0.052094925194978714
1,1,16,4,128,0.05007907748222351
1,1,32,1,64,0.05039898678660393
1,1,32,2,128,0.051487237215042114
1,1,32,8,64,0.04719803109765053
1,1,64,1,128,0.049661844968795776
1,1,64,4,64,0.04995008930563927
1,1,64,8,128,0.050622038543224335
1,1,128,2,64,0.049023423343896866
1,1,128,4,128,0.047423411160707474
1,1,128,8,128,0.04931073635816574
1,2,2,2,64,0.04719896242022514
1,2,2,4,128,-1.0
1,2,4,1,64,0.04636682569980621
1,2,4,2,128,0.0452469103038311
1,2,4,8,64,-1.0
1,2,8,1,128,0.046622008085250854
1,2,8,4,64,0.04761526361107826
1,2,16,1,64,0.04703924059867859
1,2,16,4,64,0.04771025851368904
1,2,16,8,64,0.04630303010344505
1,2,32,2,64,0.04502292722463608
1,2,32,4,64,0.04502292722463608
1,2,32,8,128,0.04575774073600769
1,2,64,2,64,0.04553515464067459
1,2,64,4,128,0.04310300573706627
1,2,128,1,128,0.045470427721738815
1,2,128,4,64,0.04460709169507027
1,4,2,1,64,0.04319893196225166
1,4,2,4,64,-1.0
1,4,2,8,128,-1.0
1,4,4,2,128,0.04460709169507027
1,4,8,1,64,0.04447903484106064
1,4,8,4,64,0.0424310564994812
1,4,16,1,64,0.043454114347696304
1,4,16,4,64,0.043007079511880875
1,4,32,1,64,0.04371022805571556
1,4,32,4,64,0.04479801282286644
1,4,64,1,64,0.04124734550714493
1,4,64,4,64,0.04146993160247803
1,4,64,8,128,0.041150953620672226
1,4,128,2,64,0.04121428355574608
1,4,128,8,128,0.0417269766330719
1,8,2,2,64,0.040798913687467575
1,8,2,8,64,-1.0
1,8,4,2,64,0.041151419281959534
1,8,4,8,64,-1.0
1,8,8,1,128,0.04191789776086807
1,8,8,4,128,0.04028715193271637
1,8,16,2,64,0.041182152926921844
1,8,16,8,64,0.040798913687467575
1,8,32,2,64,0.039550941437482834
1,8,32,8,64,0.03897491842508316
1,8,64,2,64,0.04022335633635521
1,8,64,8,64,0.04031788557767868
1,8,128,2,64,0.040735118091106415
1,8,128,8,64,0.038878992199897766
1,16,2,1,128,0.03903917968273163
1,16,2,4,128,-1.0
1,16,4,1,128,0.039774924516677856
1,16,4,4,128,0.04089530557394028
1,16,8,2,64,0.03910204395651817
1,16,8,4,128,0.03820657730102539
1,16,16,2,128,0.038878992199897766
1,16,16,8,64,0.03699120134115219
1,16,32,2,64,0.039774924516677856
1,16,32,4,128,0.04057539626955986
1,16,64,1,128,0.039775390177965164
1,16,64,4,128,0.04089483991265297
1,16,128,2,64,0.041245948523283005
1,16,128,8,64,0.040319282561540604
1,32,2,1,128,0.039711128920316696
1,32,2,4,128,-1.0
1,32,4,1,128,0.04012696444988251
1,32,4,4,128,0.03878306597471237
1,32,8,2,64,0.038399361073970795
1,32,8,8,64,0.03868667408823967
1,32,16,2,64,0.039007049053907394
1,32,16,8,64,0.03916723653674126
1,32,32,1,64,0.04137493669986725
1,32,32,4,64,0.039614271372556686
1,32,64,1,64,0.04044733941555023
1,32,64,4,64,0.038718804717063904
1,32,128,1,64,0.03993511199951172
1,32,128,4,64,0.038878992199897766
1,64,2,1,64,0.03855908289551735
1,64,2,2,128,0.03871927037835121
1,64,2,8,128,-1.0
1,64,4,4,128,0.03779074177145958
1,64,8,2,64,0.037726014852523804
1,64,8,8,64,0.0382070429623127
1,64,16,1,128,0.03532692790031433
1,64,16,4,128,0.037758611142635345
1,64,32,1,128,0.0382070429623127
1,64,32,8,64,0.03849482163786888
1,64,64,1,128,0.03830296918749809
1,64,64,4,128,0.03692600876092911
1,64,64,8,128,0.038399361073970795
1,64,128,2,128,0.03846175968647003
1,128,2,1,64,0.03571063280105591
1,128,2,2,128,0.03903824836015701
1,128,4,1,128,0.03980705514550209
1,128,4,4,128,0.038046855479478836
1,128,8,1,128,0.03683101385831833
1,128,8,4,128,0.03903917968273163
1,128,16,4,64,0.03788713365793228
1,128,16,8,128,0.04028668627142906
1,128,32,4,64,0.040255021303892136
1,128,32,8,128,0.0392301008105278
1,128,64,2,128,0.03910204395651817
1,128,128,1,64,0.03801519051194191
1,128,128,4,64,0.038111116737127304
1,256,2,1,64,0.03858981654047966
1,256,2,4,64,-1.0
1,256,2,4,128,-1.0
1,256,4,1,64,0.03859121352434158
1,256,4,2,64,0.036735087633132935
1,256,4,2,128,0.04399893805384636
1,256,4,4,128,0.04527810961008072
1,256,8,1,128,0.044927000999450684
1,256,8,8,64,0.03868667408823967
1,256,16,2,64,0.03737490624189377
1,256,16,8,64,0.03647897392511368
1,256,32,2,64,0.0359988771378994
1,256,32,4,64,0.03702286630868912
1,256,64,1,64,0.03628712147474289
1,256,64,4,64,0.039359088987112045
1,256,128,1,64,0.039359088987112045
1,256,128,2,128,0.04345504567027092
1,256,128,8,128,0.04297494888305664
1,512,2,2,128,0.04412699490785599
1,512,2,4,128,-1.0
1,512,2,8,128,-1.0
1,512,4,1,128,0.045214779675006866
1,512,4,2,64,0.03929482772946358
1,512,4,4,128,0.04201475530862808
1,512,8,1,128,0.04361523315310478
1,512,8,4,64,0.043070875108242035
1,512,16,1,128,0.04460662603378296
1,512,16,4,128,0.04422292113304138
1,512,32,1,128,0.04457496106624603
1,512,32,4,128,0.04422292113304138
1,512,64,2,64,0.04323059692978859
1,512,64,4,128,0.05577411502599716
1,512,128,1,128,0.08719693869352341
1,512,128,4,128,0.086973886936903
1,1024,2,1,128,0.04310300573706627
1,1024,2,4,128,-1.0
1,1024,4,1,128,0.044254120439291
1,1024,4,4,64,0.04236586391925812
1,1024,8,1,128,0.05465419963002205
1,1024,8,4,64,0.042879022657871246
1,1024,16,1,64,0.04518311470746994
1,1024,16,4,64,0.04633422940969467
1,1024,16,8,128,0.059037934988737106
1,1024,32,4,64,0.057823024690151215
1,1024,32,8,128,0.08066976442933083
1,1024,64,2,128,0.13922806829214096
1,1024,128,1,64,0.15679607167840004
1,1024,128,4,64,0.15641236677765846
1,1024,128,8,128,0.2474491484463215
1,2048,2,4,64,-1.0
1,2048,4,1,128,0.06972579285502434
1,2048,4,4,128,0.0683818943798542
1,2048,8,1,128,0.08607795462012291
1,2048,8,8,128,0.08569378405809402
1,2048,16,2,64,0.08623814210295677
1,2048,16,8,64,0.08572498336434364
1,2048,32,2,64,0.14738785102963448
1,2048,32,4,128,0.2452414482831955
1,2048,64,2,64,0.2779131755232811
1,2048,64,4,128,0.4557310603559017
1,2048,128,2,64,0.5246889777481556
1,2048,128,4,128,0.872455071657896
1,3358,2,4,64,-1.0
1,3358,2,8,64,-1.0
1,3358,4,1,128,0.12889178469777107
1,3358,4,4,128,0.12866780161857605
1,3358,8,2,64,0.13225199654698372
1,3358,8,8,64,0.1322207972407341
1,3358,16,1,128,0.37602102383971214
1,3358,16,4,128,0.37630973383784294
1,3358,32,2,64,0.39954110980033875
1,3358,32,4,128,0.6361417472362518
1,3358,64,2,64,0.7611936889588833
1,3358,64,4,128,1.2658201158046722
1,3358,128,2,64,1.5135249122977257
1,3358,128,4,128,2.605109941214323
1,4096,4,1,128,0.1685391180217266
1,4096,4,4,64,0.1086047850549221
1,4096,4,8,128,-1.0
1,4096,8,2,64,0.15621911734342575
1,4096,8,4,64,0.15589920803904533
1,4096,16,1,64,0.2783602103590965
1,4096,16,4,64,0.27717603370547295
1,4096,16,8,128,0.4541953094303608
1,4096,32,2,128,0.8590146899223328
1,4096,64,1,64,0.9771883487701416
1,4096,64,4,64,1.021027099341154
1,4096,64,8,128,1.8224427476525307
1,4096,128,2,128,3.6844387650489807
1,4553,2,1,64,0.09458884596824646
1,4553,2,1,128,0.1378520391881466
1,4553,2,2,64,0.09427033364772797
1,4553,2,2,128,0.13730768114328384
1,4553,2,4,64,-1.0
1,4553,2,4,128,-1.0
1,4553,2,8,128,-1.0
1,4553,4,1,128,0.2725999802350998
1,4553,4,4,64,0.16325991600751877
1,4553,8,1,64,0.24482468143105507
1,4553,8,2,128,0.3936854191124439
1,4553,8,8,64,0.2411450259387493
1,4553,16,2,64,0.3822930157184601
1,4553,16,4,128,0.6201751530170441
1,4553,32,2,64,0.6476929411292076
1,4553,32,4,128,1.062688883394003
1,4553,64,2,64,1.3374332338571548
1,4553,64,4,128,2.2951350547373295
1,4553,128,2,64,2.6209489442408085
1,4553,128,4,128,4.638714715838432
1,8192,4,1,128,0.5148649215698242
1,8192,4,4,128,0.494321808218956
1,8192,8,2,64,0.5453289486467838
1,8192,8,4,64,0.536368228495121
1,8192,8,8,128,0.8730310946702957
1,8192,16,2,128,1.7722691409289837
1,8192,32,1,64,2.0528058521449566
1,8192,32,4,64,2.042918000370264
1,8192,32,8,128,3.742388915270567
1,8192,64,2,128,7.582567166537046
1,8192,128,1,64,8.151959162205458
1,8192,128,4,64,8.140374906361103
1,8192,128,8,128,14.760728925466537
1,8397,32,1,128,3.890576772391796
1,8397,32,8,64,2.173218410462141
1,8397,64,2,64,4.307716619223356
1,8397,64,4,128,7.73587403818965
1,8397,128,2,64,8.670312352478504
1,8397,128,4,128,15.46573406085372
1,10446,4,4,128,0.9826919995248318
1,10446,8,2,64,0.8603921160101891
1,10446,8,4,128,1.386391930282116
1,10446,16,1,64,1.6970722936093807
1,10446,16,2,128,2.9602358117699623
1,10446,32,1,64,3.3507533371448517
1,10446,32,4,64,3.353855572640896
1,10446,32,8,128,5.983572918921709
1,10446,64,2,128,12.000905349850655
1,10446,128,1,64,13.403360731899738
1,10446,128,4,64,13.377794064581394
1,10446,128,8,64,13.376384973526001
1,14267,4,4,64,0.9062462486326694
1,14267,8,1,128,2.782193012535572
1,14267,8,4,128,2.7948319911956787
1,14267,16,1,64,3.2144999131560326
1,14267,16,2,128,5.633726716041565
1,14267,32,1,128,11.276605073362589
1,14267,32,8,64,6.387465167790651
1,14267,64,1,128,22.248067893087864
1,14267,64,8,64,12.49849097803235
1,14267,128,1,128,44.292428996413946
1,14267,128,8,128,43.944086879491806
1,16384,32,1,64,8.243347983807325
1,16384,32,4,64,8.189620915800333
1,16384,32,8,128,15.019282698631287
1,16384,64,2,128,29.39087199047208
1,16384,128,1,64,32.5030698440969
1,16384,128,4,64,32.396226190030575
1,16384,128,8,128,57.979973033070564
1,18064,32,1,64,10.1632927544415
1,18064,32,4,64,10.12754999101162
1,18064,32,8,128,18.120537977665663
1,18064,64,2,128,35.822014790028334
1,18064,128,1,64,39.87140301615
1,18064,128,4,64,39.86820392310619
1,18064,128,8,128,71.00053038448095
1,18671,32,2,128,19.255321007221937
1,18671,64,1,64,21.163491066545248
1,18671,64,4,64,21.231009159237146
1,18671,64,8,128,37.90976386517286
1,18671,128,2,128,74.97190404683352
1,20042,2,1,64,1.0153311304748058
1,20042,2,1,128,1.5889792703092098
1,20042,2,2,64,0.9652520529925823
1,20042,2,2,128,1.5571070834994316
1,20042,2,4,64,-1.0
1,20042,2,4,128,-1.0
1,20042,2,8,64,-1.0
1,20042,2,8,128,-1.0
1,20042,4,1,64,1.5024528838694096
1,20042,4,1,128,2.5471909902989864
1,20042,4,2,64,1.6382252797484398
1,20042,4,2,128,2.8097745962440968
1,20042,4,4,64,1.6278568655252457
1,20042,4,4,128,2.801327034831047
1,20042,8,1,128,5.671389866620302
1,20042,8,2,128,5.65923098474741
1,20042,8,8,128,5.726172123104334
1,20042,16,2,64,6.312427576631308
1,20042,16,4,64,6.191854830831289
1,20042,16,8,128,11.330364271998405
1,20042,32,2,128,22.09578501060605
1,20042,64,1,64,24.258730933070183
1,20042,64,4,64,24.341320153325796
1,20042,64,8,128,43.4666289947927
1,20042,128,2,128,86.44191175699234
1,20397,2,1,64,1.0379860177636147
1,20397,2,1,128,1.6490407288074493
1,20397,2,2,64,0.9831390343606472
1,20397,2,2,128,1.5945793129503727
1,20397,2,4,64,-1.0
1,20397,2,4,128,-1.0
1,20397,2,8,64,-1.0
1,20397,2,8,128,-1.0
1,20397,4,1,64,1.5100366435945034
1,20397,4,1,128,2.908044960349798
1,20397,4,2,64,1.6870559193193913
1,20397,4,2,128,2.8633098118007183
1,20397,4,4,64,1.6791201196610928
1,20397,4,4,128,2.8719501569867134
1,20397,4,8,64,-1.0
1,20397,4,8,128,-1.0
1,20397,8,1,64,3.19248391315341
1,20397,8,1,128,5.818810313940048
1,20397,8,4,128,5.809272639453411
1,20397,16,1,128,11.695121880620718
1,20397,16,4,128,11.649427004158497
1,20397,32,1,128,22.82129880040884
1,20397,32,8,64,12.665973976254463
1,20397,64,1,128,45.20481871441007
1,20397,64,8,128,45.15506001189351
1,20397,128,2,128,90.13953385874629
1,27472,2,1,64,1.758829690515995
1,27472,2,1,128,2.87255784496665
1,27472,2,2,64,1.6627372242510319
1,27472,2,2,128,2.906029112637043
1,27472,2,4,64,-1.0
1,27472,2,4,128,-1.0
1,27472,2,8,64,-1.0
1,27472,2,8,128,-1.0
1,27472,4,1,64,2.960522659122944
1,27472,4,1,128,5.4639712907373905
1,27472,4,2,64,3.036168869584799
1,27472,4,2,128,5.398788955062628
1,27472,4,8,64,-1.0
1,27472,4,8,128,-1.0
1,27472,8,1,64,6.0325320810079575
1,27472,8,2,128,10.802187025547028
1,27472,8,8,128,10.77882805839181
1,27472,16,2,64,11.695601977407932
1,27472,16,4,128,20.847531966865063
1,27472,32,2,64,22.896401584148407
1,27472,32,4,128,41.171334218233824
1,27472,64,2,64,45.37851130589843
1,27472,64,4,128,80.38029307499528
1,27472,128,2,64,90.02987388521433
1,27472,128,4,128,159.505486022681
1,28451,8,8,64,6.324331276118755
1,28451,16,1,64,12.646518182009459
1,28451,16,2,128,22.508413065224886
1,28451,16,8,128,22.59209007024765
1,28451,32,2,128,44.10146223381162
1,28451,64,1,64,48.95617486909032
1,28451,64,4,64,48.99259004741907
1,28451,64,8,64,48.82088303565979
1,28451,128,1,128,172.08115523681045
1,28451,128,8,128,171.59614386036992
1,32768,32,1,64,32.38872904330492
1,32768,32,4,64,32.53038926050067
1,32768,32,8,128,58.087595738470554
1,32768,64,2,128,114.2807500436902
1,32768,128,1,64,127.59314710274339
1,32768,128,4,64,127.45746970176697
1,32768,128,8,128,224.65437604114413
1,33745,32,2,64,34.33174733072519
1,33745,32,4,128,61.068729031831026
1,33745,64,2,64,68.33031866699457
1,33745,64,4,128,122.30778997763991
1,33745,128,2,64,135.2769653312862
1,33745,128,4,128,240.07458612322807
1,33810,16,1,64,17.614133190363646
1,33810,16,2,128,31.458355020731688
1,33810,16,8,128,31.451602932065725
1,33810,32,2,128,61.574988067150116
1,33810,64,1,64,68.81948979571462
1,33810,64,4,64,68.79705796018243
1,33810,64,8,128,122.92162887752056
1,33810,128,2,128,241.16220511496067
1,35617,2,1,64,2.7748020365834236
1,35617,2,1,128,4.816825967282057
1,35617,2,2,64,2.767602913081646
1,35617,2,2,128,4.799801856279373
1,35617,2,4,64,-1.0
1,35617,2,4,128,-1.0
1,35617,2,8,64,-1.0
1,35617,2,8,128,-1.0
1,35617,4,1,64,5.053555127233267
1,35617,4,1,128,9.096642024815083
1,35617,4,2,64,5.051922984421253
1,35617,4,2,128,9.117729030549526
1,35617,4,4,64,5.0195083022117615
1,35617,4,4,128,9.091842919588089
1,35617,4,8,64,-1.0
1,35617,4,8,128,-1.0
1,35617,8,1,64,9.651954751461744
1,35617,8,1,128,17.40002678707242
1,35617,8,4,64,9.673585649579763
1,35617,8,8,64,9.658738039433956
1,35617,16,1,64,19.23357555642724
1,35617,16,2,128,34.4735668040812
1,35617,16,8,128,34.594394732266665
1,35617,32,2,128,67.9142982698977
1,35617,64,1,64,75.79695619642735
1,35617,64,4,64,75.8689851500094
1,35617,64,8,128,135.2599347010255
1,35617,128,2,128,267.9322296753526
1,35839,2,1,64,2.8589917346835136
1,35839,2,1,128,4.843641072511673
1,35839,2,2,64,2.7449792250990868
1,35839,2,2,128,4.870487842708826
1,35839,2,4,64,-1.0
1,35839,2,4,128,-1.0
1,35839,2,8,64,-1.0
1,35839,2,8,128,-1.0
1,35839,4,1,64,5.0664180889725685
1,35839,4,1,128,9.174400009214878
1,35839,4,2,64,5.090354010462761
1,35839,4,2,128,9.085922036319971
1,35839,4,4,64,5.091282073408365
1,35839,4,4,128,9.166209027171135
1,35839,4,8,64,-1.0
1,35839,4,8,128,-1.0
1,35839,8,1,64,9.692657738924026
1,35839,8,1,128,17.415865790098906
1,35839,8,2,128,17.358555924147367
1,35839,8,8,128,17.38556195050478
1,35839,16,2,64,19.296228885650635
1,35839,16,4,128,34.682103898376226
1,35839,32,1,64,38.63248880952597
1,35839,32,4,64,38.62567339092493
1,35839,32,8,128,68.80930997431278
1,35839,64,2,128,137.59126188233495
1,35839,128,1,64,151.6331727616489
1,35839,128,4,64,152.33347425237298
1,35839,128,8,128,269.78712202981114
1,39933,32,2,64,47.82576905563474
1,39933,32,4,128,85.95059206709266
1,39933,64,2,64,94.68625206500292
1,39933,64,4,128,169.81730610132217
1,39933,128,2,64,188.4808479808271
1,39933,128,4,128,329.97523294761777
1,40392,8,4,128,22.7380208671093
1,40392,16,1,128,44.28877867758274
1,40392,16,4,128,44.47021707892418
1,40392,32,1,128,88.02129188552499
1,40392,32,8,64,49.08119281753898
1,40392,64,1,128,173.8793789409101
1,40392,64,8,128,174.595199059695
1,40392,128,2,128,337.72127889096737
1,46594,2,1,64,4.3832059018313885
1,46594,2,1,128,7.834310177713633
1,46594,2,2,64,4.3343110010027885
1,46594,2,2,128,7.8972200863063335
1,46594,2,4,64,-1.0
1,46594,2,4,128,-1.0
1,46594,2,8,64,-1.0
1,46594,2,8,128,-1.0
1,46594,4,1,64,8.711277972906828
1,46594,4,1,128,15.672810841351748
1,46594,4,2,64,8.712877053767443
1,46594,4,2,128,15.677354764193296
1,46594,4,4,64,8.652174845337868
1,46594,4,4,128,15.5647499486804
1,46594,8,1,128,30.133687891066074
1,46594,8,4,128,30.055867042392492
1,46594,16,1,128,58.927382342517376
1,46594,16,4,128,58.838136959820986
1,46594,32,2,64,65.44390460476279
1,46594,32,4,128,116.73924420028925
1,46594,64,2,64,128.86559404432774
1,46594,64,4,128,230.05752637982368
1,46594,128,2,64,254.97404765337706
1,46594,128,4,128,451.40374498441815
1,49328,8,8,64,18.725430127233267
1,49328,16,1,64,36.7738869972527
1,49328,16,2,128,65.7896869815886
1,49328,16,8,128,65.87486900389194
1,49328,32,2,128,129.79756807908416
1,49328,64,1,64,144.04859533533454
1,49328,64,4,64,144.29748384281993
1,49328,64,8,128,256.64427364245057
1,49328,128,2,128,502.2230646573007
1,50639,2,1,64,4.762331023812294
1,50639,2,1,128,8.802955038845539
1,50639,2,2,64,4.837401211261749
1,50639,2,2,128,8.796618785709143
1,50639,2,4,64,-1.0
1,50639,2,4,128,-1.0
1,50639,2,8,64,-1.0
1,50639,2,8,128,-1.0
1,50639,4,1,64,9.728336706757545
1,50639,4,1,128,17.41068297997117
1,50639,4,2,64,9.654451161623001
1,50639,4,2,128,17.472633626312017
1,50639,4,4,64,9.71220899373293
1,50639,4,4,128,17.437241971492767
1,50639,4,8,64,-1.0
1,50639,4,8,128,-1.0
1,50639,8,1,64,19.352676812559366
1,50639,8,1,128,34.69237685203552
1,50639,8,2,128,34.85435713082552
1,50639,8,8,128,34.71608879044652
1,50639,16,2,64,38.512527011334896
1,50639,16,4,64,38.43387262895703
1,50639,16,8,64,38.49214408546686
1,50639,32,1,128,136.73103787004948
1,50639,32,8,64,76.56420301645994
1,50639,64,1,128,267.9411438293755
1,50639,64,8,128,267.90053583681583
1,50639,128,2,128,531.3112181611359
1,52118,2,1,64,5.721191875636578
1,52118,2,1,128,10.12843381613493
1,52118,2,2,64,5.6868563406169415
1,52118,2,2,128,10.076787788420916
1,52118,2,4,64,-1.0
1,52118,2,4,128,-1.0
1,52118,2,8,64,-1.0
1,52118,2,8,128,-1.0
1,52118,4,1,64,10.751585010439157
1,52118,4,1,128,19.10070702433586
1,52118,4,2,64,10.754017159342766
1,52118,4,2,128,19.164576660841703
1,52118,4,4,64,10.733217932283878
1,52118,4,4,128,18.970374949276447
1,52118,4,8,64,-1.0
1,52118,4,8,128,-1.0
1,52118,8,1,64,20.726967602968216
1,52118,8,1,128,36.968871019780636
1,52118,8,4,64,20.6479299813509
1,52118,8,8,64,20.71970421820879
1,52118,16,1,64,40.79340910539031
1,52118,16,2,128,73.09078797698021
1,52118,16,8,128,73.06954078376293
1,52118,32,2,128,144.35919327661395
1,52118,64,1,64,160.22779513150454
1,52118,64,4,64,160.8093143440783
1,52118,64,8,64,160.86550476029515
1,52118,128,1,128,562.8634640015662
1,52118,128,8,128,562.4895226210356
1,57039,32,2,64,96.71425493434072
1,57039,32,4,128,172.40170994773507
1,57039,64,2,64,192.10078613832593
1,57039,64,4,128,339.52523209154606
1,57039,128,2,64,379.6546910889447
1,57039,128,4,128,671.5319007635117
1,62003,8,4,128,52.70004691556096
1,62003,16,1,128,103.46606746315956
1,62003,16,4,128,103.82474632933736
1,62003,32,2,64,114.07812684774399
1,62003,32,4,128,204.21307487413287
1,62003,64,2,64,225.59802001342177
1,62003,64,4,128,399.7187693603337
1,62003,128,2,64,449.3569298647344
1,62003,128,4,128,794.6504042483866
1,65536,8,4,128,58.81861876696348
1,65536,16,1,128,114.50442671775818
1,65536,16,4,128,114.62922394275665
1,65536,32,1,64,127.8914287686348
1,65536,32,4,64,127.84237507730722
1,65536,32,8,128,227.39641601219773
1,65536,64,2,128,447.2983777523041
1,65536,128,1,64,501.15288188681006
1,65536,128,4,64,501.24753592535853
1,65536,128,8,128,890.6895108520985
1,65962,32,2,128,229.9229078926146
1,65962,64,1,64,256.2311110086739
1,65962,64,4,64,257.0484592579305
1,65962,64,8,128,451.31171587854624
1,65962,128,2,128,899.4808583520353
1,67276,2,1,64,8.883514907211065
1,67276,2,1,128,15.463442075997591
1,67276,2,2,64,8.554339874535799
1,67276,2,2,128,15.416467096656561
1,67276,2,4,64,-1.0
1,67276,2,4,128,-1.0
1,67276,2,8,64,-1.0
1,67276,2,8,128,-1.0
1,67276,4,1,64,17.12928805500269
1,67276,4,1,128,30.76279303058982
1,67276,4,2,64,17.10048783570528
1,67276,4,2,128,30.814567115157843
1,67276,4,4,64,17.22160493955016
1,67276,4,4,128,30.726857017725706
1,67276,4,8,64,-1.0
1,67276,4,8,128,-1.0
1,67276,8,1,64,34.272590186446905
1,67276,8,1,128,61.681868974119425
1,67276,8,4,64,34.101874101907015
1,67276,8,8,64,34.09681934863329
1,67276,16,1,64,67.40181799978018
1,67276,16,2,128,119.8683399707079
1,67276,16,8,128,120.76601292937994
1,67276,32,2,128,237.76300204917789
1,67276,64,1,64,265.0975645519793
1,67276,64,4,64,266.59016963094473
1,67276,64,8,128,469.59485998377204
1,67276,128,2,128,933.3662679418921
1,76000,2,1,64,11.08880015090108
1,76000,2,1,128,19.636130891740322
1,76000,2,2,64,10.920388158410788
1,76000,2,2,128,19.64173000305891
1,76000,2,4,64,-1.0
1,76000,2,4,128,-1.0
1,76000,2,8,64,-1.0
1,76000,2,8,128,-1.0
1,76000,4,1,64,21.771850995719433
1,76000,4,1,128,39.02202798053622
1,76000,4,2,64,21.742379758507013
1,76000,4,2,128,38.99357980117202
1,76000,4,4,64,21.732715889811516
1,76000,4,4,128,39.47478299960494
1,76000,4,8,64,-1.0
1,76000,4,8,128,-1.0
1,76000,8,1,64,43.31957921385765
1,76000,8,1,128,77.6482243090868
1,76000,8,4,128,77.38474337384105
1,76000,16,1,128,153.941604308784
1,76000,16,4,128,153.6147971637547
1,76000,32,2,64,170.57231487706304
1,76000,32,4,128,300.33889692276716
1,76000,64,2,64,338.7189330533147
1,76000,64,4,128,598.8543508574367
1,76000,128,2,64,673.1015928089619
1,76000,128,4,128,1199.3465130217373
1,78568,8,4,128,84.06005101278424
1,78568,16,1,128,166.0287962295115
1,78568,16,4,128,165.4881057329476
1,78568,32,1,128,325.83122607320547
1,78568,32,8,128,324.62812028825283
1,78568,64,2,128,641.1729599349201
1,78568,128,1,64,719.1359596326947
1,78568,128,4,64,719.1546796821058
1,78568,128,8,128,1284.3090132810175
1,79983,32,2,128,335.94586001709104
1,79983,64,1,64,374.94484009221196
1,79983,64,4,64,374.5328192599118
1,79983,64,8,128,663.8446282595396
1,79983,128,2,128,1328.9440721273422
1,83747,2,1,64,13.366633094847202
1,83747,2,1,128,24.009048007428646
1,83747,2,2,64,13.295850716531277
1,83747,2,2,128,23.94821774214506
1,83747,2,4,64,-1.0
1,83747,2,4,128,-1.0
1,83747,2,8,64,-1.0
1,83747,2,8,128,-1.0
1,83747,4,1,64,26.65035566315055
1,83747,4,1,128,47.903474885970354
1,83747,4,2,64,26.662612333893776
1,83747,4,2,128,47.84274008125067
1,83747,4,4,64,26.659059803932905
1,83747,4,4,128,48.08455798774958
1,83747,4,8,64,-1.0
1,83747,4,8,128,-1.0
1,83747,8,1,64,53.20762610062957
1,83747,8,1,128,95.80595698207617
1,83747,8,4,64,53.11908479779959
1,83747,8,8,64,53.166443947702646
1,83747,16,1,64,105.58125795796514
1,83747,16,2,128,188.5750968940556
1,83747,16,8,128,188.51256975904107
1,83747,32,2,128,368.6058041639626
1,83747,64,1,64,411.43254516646266
1,83747,64,4,64,411.4228170365095
1,83747,64,8,128,729.6802806667984
1,83747,128,2,128,1456.6249828785658
1,83768,2,1,64,13.303594663739204
1,83768,2,1,128,23.985145147889853
1,83768,2,2,64,13.295243959873915
1,83768,2,2,128,23.987832944840193
1,83768,2,4,64,-1.0
1,83768,2,4,128,-1.0
1,83768,2,8,64,-1.0
1,83768,2,8,128,-1.0
1,83768,4,1,64,26.655638124793768
1,83768,4,1,128,48.244043719023466
1,83768,4,2,64,26.69384516775608
1,83768,4,2,128,47.87077289074659
1,83768,4,4,64,26.673653163015842
1,83768,4,4,128,47.901876736432314
1,83768,4,8,64,-1.0
1,83768,4,8,128,-1.0
1,83768,8,1,64,53.07464115321636
1,83768,8,1,128,95.34744499251246
1,83768,8,2,128,95.29461991041899
1,83768,8,8,128,95.42207326740026
1,83768,16,2,64,105.26594938710332
1,83768,16,4,64,105.42066488415003
1,83768,16,8,64,105.43090384453535
1,83768,32,1,128,365.7718962058425
1,83768,32,8,64,207.90524408221245
1,83768,64,1,128,728.6696243099868
1,83768,64,8,64,410.3523241356015
1,83768,128,1,128,1453.3981890417635
1,83768,128,8,128,1450.5424536764622
1,87835,32,2,128,405.2001489326358
1,87835,64,1,64,451.23560912907124
1,87835,64,4,64,450.8429802954197
1,87835,64,8,64,451.15753170102835
1,87835,128,1,128,1600.7321821525693
1,87835,128,8,128,1600.628532934934
1,93030,32,2,128,450.7718631066382
1,93030,64,1,64,505.22751407697797
1,93030,64,4,64,505.54267410188913
1,93030,64,8,64,505.08614210411906
1,93030,128,1,128,1795.6659509800375
1,93030,128,8,128,1793.0761147290468
1,93233,32,2,128,453.33882281556726
1,93233,64,1,64,507.9005337320268
1,93233,64,4,64,507.4987201951444
1,93233,64,8,128,900.7733799517155
1,93233,128,2,128,1802.932284772396
1,94976,2,1,64,17.621276900172234
1,94976,2,1,128,32.25824562832713
1,94976,2,2,64,17.601405270397663
1,94976,2,2,128,32.12512983009219
1,94976,2,4,64,-1.0
1,94976,2,4,128,-1.0
1,94976,2,8,64,-1.0
1,94976,2,8,128,-1.0
1,94976,4,1,64,35.293241031467915
1,94976,4,1,128,62.305350322276354
1,94976,4,2,64,35.233018919825554
1,94976,4,2,128,61.96375843137503
1,94976,4,4,64,35.08066991344094
1,94976,4,4,128,62.03853990882635
1,94976,4,8,64,-1.0
1,94976,4,8,128,-1.0
1,94976,8,1,64,68.17070301622152
1,94976,8,1,128,121.00759102031589
1,94976,8,4,64,68.35104990750551
1,94976,8,4,128,122.0262530259788
1,94976,16,1,128,241.45980179309845
1,94976,16,4,128,241.1569613032043
1,94976,32,1,128,471.58616641536355
1,94976,32,8,128,472.2574451006949
1,94976,64,2,128,937.0417040772736
1,94976,128,1,64,1052.320844028145
1,94976,128,4,64,1051.9685968756676
1,94976,128,8,128,1875.5363691598177
1,101250,32,2,64,302.274779882282
1,101250,32,4,128,533.7405581958592
1,101250,64,2,64,598.7748592160642
1,101250,64,4,128,1063.7751030735672
1,101250,128,2,64,1197.5167309865355
1,101250,128,4,128,2134.192585013807
1,102318,8,8,128,141.4999281987548
1,102318,16,2,64,155.77892307192087
1,102318,16,4,64,155.87543230503798
1,102318,16,8,128,278.88540318235755
1,102318,32,2,64,309.10613015294075
1,102318,32,4,128,545.5630179494619
1,102318,64,2,64,611.6432128474116
1,102318,64,4,128,1086.0625179484487
1,102318,128,2,64,1221.9599029049277
1,102318,128,4,128,2181.255266070366
1,104155,16,1,64,162.3065280728042
1,104155,16,2,128,290.67424638196826
1,104155,16,8,128,289.98043993487954
1,104155,32,2,128,566.0860356874764
1,104155,64,1,64,633.3779180422425
1,104155,64,4,64,633.6033530533314
1,104155,64,8,64,633.8336183689535
1,104155,128,1,128,2261.732771061361
1,104155,128,8,128,2267.414642032236
1,104990,32,2,128,576.7985172569752
1,104990,64,1,64,644.8744991794229
1,104990,64,4,64,644.1594129428267
1,104990,64,8,128,1147.2645322792232
1,104990,128,2,128,2295.2030007727444
1,108127,2,1,64,22.47539907693863
1,108127,2,1,128,40.248037315905094
1,108127,2,2,64,22.407911717891693
1,108127,2,2,128,40.19005410373211
1,108127,2,4,64,-1.0
1,108127,2,4,128,-1.0
1,108127,2,8,64,-1.0
1,108127,2,8,128,-1.0
1,108127,4,1,64,44.22390414401889
1,108127,4,1,128,80.05794091150165
1,108127,4,2,64,44.566263910382986
1,108127,4,2,128,79.58304090425372
1,108127,4,4,64,44.31036580353975
1,108127,4,4,128,79.37875809147954
1,108127,4,8,64,-1.0
1,108127,4,8,128,-1.0
1,108127,8,1,64,87.80587278306484
1,108127,8,1,128,157.81328408047557
1,108127,8,4,64,87.99956412985921
1,108127,8,8,64,87.72785821929574
1,108127,16,1,128,310.16772892326117
1,108127,16,4,128,310.2466077543795
1,108127,32,1,128,610.0038010627031
1,108127,32,8,64,343.41443981975317
1,108127,64,1,128,1217.07215718925
1,108127,64,8,128,1221.5198269113898
1,108127,128,2,128,2434.9036258645356
1,111290,2,1,64,24.31199187412858
1,111290,2,1,128,43.581072706729174
1,111290,2,2,64,24.288536980748177
1,111290,2,2,128,43.602288234978914
1,111290,2,4,64,-1.0
1,111290,2,4,128,-1.0
1,111290,2,8,64,-1.0
1,111290,2,8,128,-1.0
1,111290,4,1,64,47.161397989839315
1,111290,4,1,128,84.64844897389412
1,111290,4,2,64,47.11023112758994
1,111290,4,2,128,84.58883408457041
1,111290,4,4,64,47.052024863660336
1,111290,4,4,128,84.27370572462678
1,111290,4,8,64,-1.0
1,111290,4,8,128,-1.0
1,111290,8,1,64,92.22892811521888
1,111290,8,1,128,165.47517012804747
1,111290,8,4,64,92.53253694623709
1,111290,8,8,64,92.5684398971498
1,111290,16,1,64,184.10740327090025
1,111290,16,2,128,326.80247724056244
1,111290,16,8,128,326.9941844046116
1,111290,32,2,128,645.9613149054348
1,111290,64,1,64,724.1722801700234
1,111290,64,4,64,723.2417110353708
1,111290,64,8,64,723.6860203556716
1,111290,128,1,128,2575.9505587629974
1,111290,128,8,128,2577.8460917063057
1,111499,32,2,128,647.6371330209076
1,111499,64,1,64,727.3380989208817
1,111499,64,4,64,727.7818946167827
1,111499,64,8,128,1299.4929091073573
1,111499,128,2,128,2590.9216650761664
1,112462,2,1,64,24.693161249160767
1,112462,2,1,128,44.309907127171755
1,112462,2,2,64,24.68957705423236
1,112462,2,2,128,44.53668463975191
1,112462,2,4,64,-1.0
1,112462,2,4,128,-1.0
1,112462,2,8,64,-1.0
1,112462,2,8,128,-1.0
1,112462,4,1,64,47.826936934143305
1,112462,4,1,128,85.396409034729
1,112462,4,2,64,47.86680918186903
1,112462,4,2,128,85.48939833417535
1,112462,4,4,64,47.77180263772607
1,112462,4,4,128,85.88887704536319
1,112462,4,8,64,-1.0
1,112462,4,8,128,-1.0
1,112462,8,1,64,94.62855709716678
1,112462,8,1,128,169.7350861504674
1,112462,8,4,64,94.68020359054208
1,112462,8,8,64,94.99760391190648
1,112462,16,1,64,187.5360393896699
1,112462,16,2,128,333.30236142501235
1,112462,16,8,128,332.80355809256434
1,112462,32,2,128,658.9913438074291
1,112462,64,1,64,738.8989701867104
1,112462,64,4,64,738.6036799289286
1,112462,64,8,128,1320.1241260394454
1,112462,128,2,128,2626.142553985119
1,115266,2,1,64,25.508756283670664
1,115266,2,1,128,45.87885923683643
1,115266,2,2,64,25.486323982477188
1,115266,2,2,128,45.8950181491673
1,115266,2,4,64,-1.0
1,115266,2,4,128,-1.0
1,115266,2,8,64,-1.0
1,115266,2,8,128,-1.0
1,115266,4,1,64,50.471508875489235
1,115266,4,1,128,90.3684082441032
1,115266,4,2,64,50.37295212969184
1,115266,4,2,128,90.9106032922864
1,115266,4,4,64,50.561042968183756
1,115266,4,4,128,90.78510105609894
1,115266,4,8,64,-1.0
1,115266,4,8,128,-1.0
1,115266,8,1,64,99.25298113375902
1,115266,8,1,128,177.65852762386203
1,115266,8,2,128,177.7728609740734
1,115266,8,8,128,178.34737384691834
1,115266,16,2,64,197.06862419843674
1,115266,16,4,64,197.16142117977142
1,115266,16,8,64,197.19028426334262
1,115266,32,1,64,389.4670940935612
1,115266,32,4,64,389.90260288119316
1,115266,32,8,128,693.3124740608037
1,115266,64,2,128,1385.8299599960446
1,115266,128,1,64,1550.6241861730814
1,115266,128,4,64,1549.9652279540896
1,115266,128,8,128,2772.050403058529
1,118347,32,2,128,730.2048630081117
1,118347,64,1,64,818.6577819287777
1,118347,64,4,64,818.6916369013488
1,118347,64,8,128,1457.5631730258465
1,118347,128,2,128,2917.177523020655
1,118583,2,1,64,27.950019109994173
1,118583,2,1,128,49.77958323433995
1,118583,2,2,64,27.919587213546038
1,118583,2,2,128,50.462317653000355
1,118583,2,4,64,-1.0
1,118583,2,4,128,-1.0
1,118583,2,8,64,-1.0
1,118583,2,8,128,-1.0
1,118583,4,1,64,53.8487290032208
1,118583,4,1,128,96.81107522919774
1,118583,4,2,64,53.82741708308458
1,118583,4,2,128,96.07458114624023
1,118583,4,4,64,53.88063192367554
1,118583,4,4,128,96.66083892807364
1,118583,4,8,64,-1.0
1,118583,4,8,128,-1.0
1,118583,8,1,64,105.62387807294726
1,118583,8,1,128,188.81154991686344
1,118583,8,2,128,188.98508278653026
1,118583,8,8,64,105.52999190986156
1,118583,16,1,64,209.16422409936786
1,118583,16,2,128,369.30807679891586
1,118583,16,8,128,368.84863302111626
1,118583,32,2,64,412.25055838003755
1,118583,32,4,128,730.6693182326853
1,118583,64,2,64,821.5691871009767
1,118583,64,4,128,1462.663115002215
1,118583,128,2,64,1642.2287309542298
1,118583,128,4,128,2927.2625599987805
1,122507,8,8,128,201.07158366590738
1,122507,16,2,64,223.01082964986563
1,122507,16,4,128,393.29929696395993
1,122507,32,1,64,439.4690589979291
1,122507,32,4,64,439.65091090649366
1,122507,32,8,128,780.9404786676168
1,122507,64,2,128,1558.1525471061468
1,122507,128,1,64,1753.6502280272543
1,122507,128,4,64,1753.5240869037807
1,122507,128,8,128,3130.943739786744
1,131072,32,2,64,502.93890107423067
1,131072,32,4,128,894.5695022121072
1,131072,64,2,64,1002.9541663825512
1,131072,64,4,128,1787.4381020665169
1,131072,128,2,64,2001.0840590111911
1,131072,128,4,128,3571.5378602035344
2,14267,4,4,64,1.6682781279087067
2,14267,4,8,64,-1.0
2,14267,4,8,128,-1.0
2,14267,8,1,128,5.755534861236811
2,14267,8,2,128,5.775949917733669
2,14267,8,8,64,3.237455151975155
2,14267,8,8,128,5.734767764806747
2,14267,16,2,64,6.398782599717379
2,14267,16,4,128,11.454144027084112
2,14267,32,1,64,12.684097047895193
2,14267,32,2,128,22.44442794471979
2,14267,32,8,128,22.634117864072323
2,14267,64,2,64,25.008522905409336
2,14267,64,4,64,24.953004904091358
2,14267,64,8,64,25.068712886422873
2,14267,128,1,64,49.74431684240699
2,14267,128,2,128,88.85850198566914
2,14267,128,8,128,88.23579829186201
2,16384,16,4,128,15.016325749456882
2,16384,32,1,64,16.38710778206587
2,16384,32,2,128,29.66546220704913
2,16384,32,8,128,29.534936882555485
2,16384,64,2,64,32.8848990611732
2,16384,64,4,64,33.086652867496014
2,16384,64,8,64,32.69930323585868
2,16384,128,1,64,64.73382376134396
2,16384,128,2,128,116.77411058917642
2,16384,128,8,128,116.44682427868247
2,18064,16,4,128,18.163159023970366
2,18064,32,1,128,35.95509333536029
2,18064,32,4,128,35.90091876685619
2,18064,64,1,128,71.6594411060214
2,18064,64,4,128,71.23599527403712
2,18064,128,1,128,141.44360087811947
2,18064,128,8,64,79.51287506148219
2,18671,4,2,64,2.6713889092206955
2,18671,4,2,128,4.785927943885326
2,18671,4,8,64,-1.0
2,18671,4,8,128,-1.0
2,18671,8,1,64,5.4033189080655575
2,18671,8,2,64,5.3670331835746765
2,18671,8,2,128,9.606925770640373
2,18671,8,8,64,5.354680120944977
2,18671,16,1,64,10.73604915291071
2,18671,16,2,128,19.508435856550932
2,18671,16,8,128,19.35458369553089
2,18671,32,2,128,38.1407979875803
2,18671,64,1,64,42.139674071222544
2,18671,64,4,64,42.37681906670332
2,18671,64,8,128,75.68359468132257
2,18671,128,2,128,150.5574188195169
2,20042,2,1,64,1.6731740906834602
2,20042,2,1,128,2.8205369599163532
2,20042,2,2,64,1.6147750429809093
2,20042,2,2,128,2.820025198161602
2,20042,2,4,64,-1.0
2,20042,2,4,128,-1.0
2,20042,2,8,64,-1.0
2,20042,2,8,128,-1.0
2,20042,4,1,64,3.1551532447338104
2,20042,4,1,128,5.697808228433132
2,20042,4,2,64,3.2079829834401608
2,20042,4,2,128,5.733903963118792
2,20042,4,4,64,3.164272755384445
2,20042,4,4,128,5.773262120783329
2,20042,4,8,64,-1.0
2,20042,4,8,128,-1.0
2,20042,8,1,64,6.403646897524595
2,20042,8,2,64,6.3357120379805565
2,20042,8,4,64,6.38521509245038
2,20042,8,8,64,6.393598858267069
2,20042,16,1,128,22.299693897366524
2,20042,16,4,128,22.298701107501984
2,20042,32,2,64,24.427032098174095
2,20042,32,4,128,44.0901517868042
2,20042,64,2,64,48.792689107358456
2,20042,64,4,128,87.34902879223228
2,20042,128,2,64,96.822006162256
2,20042,128,4,128,172.81324183568358
2,20397,8,8,128,11.703289113938808
2,20397,16,2,64,12.772574089467525
2,20397,16,4,64,12.790877372026443
2,20397,16,8,64,12.763965874910355
2,20397,32,1,64,25.553402956575155
2,20397,32,4,64,25.423742830753326
2,20397,32,8,128,45.91186624020338
2,20397,64,2,128,90.53662931546569
2,20397,128,1,64,100.85848066955805
2,20397,128,4,64,100.60117486864328
2,20397,128,8,128,178.3836930990219
2,27472,16,4,128,41.299439035356045
2,27472,32,2,64,45.58281786739826
2,27472,32,4,128,82.09789171814919
2,27472,64,2,64,90.74487304314971
2,27472,64,4,128,161.57473204657435
2,27472,128,2,64,179.3660894036293
2,27472,128,4,128,317.9738176986575
2,28451,8,8,64,12.635424733161926
2,28451,16,1,64,24.74030200392008
2,28451,16,2,128,44.26553659141064
2,28451,16,8,128,44.435772113502026
2,28451,32,2,128,88.36816623806953
2,28451,64,1,64,97.54489315673709
2,28451,64,4,64,97.53881394863129
2,28451,64,8,64,97.4532482214272
2,28451,128,1,128,341.33005887269974
2,28451,128,8,128,340.4771531932056
2,32768,32,1,64,64.9350299499929
2,32768,32,4,64,64.67798119410872
2,32768,32,8,128,115.91793410480022
2,32768,64,2,128,229.3397057801485
2,32768,128,1,64,254.3527940288186
2,32768,128,4,64,253.86672606691718
2,32768,128,8,128,448.1065780855715
2,33745,32,2,128,122.96331906691194
2,33745,64,1,64,136.39126811176538
2,33745,64,4,64,135.96135936677456
2,33745,64,8,128,242.22900392487645
2,33745,128,2,128,473.78122387453914
2,33810,2,1,64,4.844454117119312
2,33810,2,1,128,8.459498174488544
2,33810,2,2,64,4.74496791139245
2,33810,2,2,128,8.480010088533163
2,33810,2,4,64,-1.0
2,33810,2,4,128,-1.0
2,33810,2,8,64,-1.0
2,33810,2,8,128,-1.0
2,33810,4,1,64,9.096090216189623
2,33810,4,1,128,16.218182165175676
2,33810,4,2,64,9.127895813435316
2,33810,4,2,128,16.229348722845316
2,33810,4,4,64,9.120248723775148
2,33810,4,4,128,16.21178165078163
2,33810,4,8,64,-1.0
2,33810,4,8,128,-1.0
2,33810,8,1,64,17.69321598112583
2,33810,8,1,128,31.577568966895342
2,33810,8,4,64,17.650497145950794
2,33810,8,8,64,17.682911828160286
2,33810,16,1,64,34.68597028404474
2,33810,16,2,128,62.08626786246896
2,33810,16,8,128,62.322262208908796
2,33810,32,2,128,123.36366204544902
2,33810,64,1,64,137.0404027402401
2,33810,64,4,64,136.8584563024342
2,33810,64,8,64,136.82655291631818
2,33810,128,1,128,476.25325713306665
2,33810,128,8,128,476.2162989936769
2,35617,32,2,64,76.6342836432159
2,35617,32,4,128,136.8907759897411
2,35617,64,2,64,151.784542016685
2,35617,64,4,128,269.85067408531904
2,35617,128,2,64,301.1494008824229
2,35617,128,4,128,528.5720289684832
2,35839,16,1,64,38.87399099767208
2,35839,16,2,128,70.045106112957
2,35839,16,8,128,69.82885487377644
2,35839,32,2,128,138.21982592344284
2,35839,64,1,64,152.64886990189552
2,35839,64,4,64,152.7395867742598
2,35839,64,8,64,152.68797194585204
2,35839,128,1,128,533.4567921236157
2,35839,128,8,128,533.2807321101427
2,39933,32,2,64,95.27320228517056
2,39933,32,4,128,170.3883558511734
2,39933,64,2,64,189.10657009109855
2,39933,64,4,128,334.93287209421396
2,39933,128,2,64,374.36003098264337
2,39933,128,4,128,660.6188421137631
2,40392,8,4,128,44.68932934105396
2,40392,16,1,128,88.600629940629
2,40392,16,4,128,88.47522595897317
2,40392,32,1,128,174.7372909449041
2,40392,32,8,128,174.48709020391107
2,40392,64,2,128,343.3444029651582
2,40392,128,1,64,383.4324087947607
2,40392,128,4,64,383.3676655776799
2,40392,128,8,128,676.8844639882445
2,46594,32,1,64,130.16296504065394
2,46594,32,4,64,130.36183873191476
2,46594,32,8,128,231.95176990702748
2,46594,64,2,128,451.88432466238737
2,46594,128,1,64,510.0237759761512
2,46594,128,4,64,509.0650599449873
2,46594,128,8,128,899.1861953400075
2,49328,32,2,64,145.31147805973887
2,49328,32,4,128,258.749654982239
2,49328,64,2,64,287.9471853375435
2,49328,64,4,128,505.07952785119414
2,49328,128,2,64,569.2540677264333
2,49328,128,4,128,1004.2834850028157
2,50639,8,8,128,69.69429226592183
2,50639,16,2,64,77.01679412275553
2,50639,16,4,64,76.98876224458218
2,50639,16,8,64,77.11221510544419
2,50639,32,1,64,152.6446300558746
2,50639,32,4,64,152.667798101902
2,50639,32,8,128,272.1456866711378
2,50639,64,2,128,533.4584689699113
2,50639,128,1,64,598.5745657235384
2,50639,128,4,64,600.0294401310384
2,50639,128,8,128,1061.815501190722
2,52118,32,2,128,288.4748000651598
2,52118,64,1,64,320.65342273563147
2,52118,64,4,64,320.4535227268934
2,52118,64,8,128,565.1539689861238
2,52118,128,2,128,1125.5996213294566
2,57039,2,1,64,12.713179923593998
2,57039,2,1,128,22.79759617522359
2,57039,2,2,64,12.688956689089537
2,57039,2,2,128,22.685694973915815
2,57039,2,4,64,-1.0
2,57039,2,4,128,-1.0
2,57039,2,8,64,-1.0
2,57039,2,8,128,-1.0
2,57039,4,1,64,25.1608956605196
2,57039,4,1,128,45.264704152941704
2,57039,4,2,64,25.159168057143688
2,57039,4,2,128,45.03654967993498
2,57039,4,4,64,25.154335889965296
2,57039,4,4,128,45.06771685555577
2,57039,4,8,64,-1.0
2,57039,4,8,128,-1.0
2,57039,8,1,64,49.242043402045965
2,57039,8,2,64,49.30037725716829
2,57039,8,2,128,88.57845002785325
2,57039,8,8,128,88.36143184453249
2,57039,16,2,64,96.95670008659363
2,57039,16,4,64,97.08764124661684
2,57039,16,8,64,96.9703639857471
2,57039,32,2,64,192.91128311306238
2,57039,32,4,128,342.5455866381526
2,57039,64,2,64,381.7762369289994
2,57039,64,4,128,674.5048523880541
2,57039,128,2,64,760.3136440739036
2,57039,128,4,128,1347.1200871281326
2,62003,8,4,128,104.36601610854268
2,62003,16,1,128,205.2228101529181
2,62003,16,4,128,204.8467230051756
2,62003,32,2,64,227.6861732825637
2,62003,32,4,128,401.94426802918315
2,62003,64,2,64,450.59032505378127
2,62003,64,4,128,797.361115925014
2,62003,128,2,64,899.0749763324857
2,62003,128,4,128,1590.739930048585
2,65536,8,4,128,116.55293731018901
2,65536,16,1,128,229.89069297909737
2,65536,16,4,128,229.60606031119823
2,65536,32,1,128,449.1473841480911
2,65536,32,8,64,253.90928192064166
2,65536,64,1,128,892.447573132813
2,65536,64,8,128,893.4308746829629
2,65536,128,2,128,1781.1944731511176
2,65962,2,1,64,16.83470420539379
2,65962,2,1,128,30.047775246202946
2,65962,2,2,64,16.785745974630117
2,65962,2,2,128,30.03065474331379
2,65962,2,4,64,-1.0
2,65962,2,4,128,-1.0
2,65962,2,8,64,-1.0
2,65962,2,8,128,-1.0
2,65962,4,1,64,33.18766178563237
2,65962,4,1,128,59.57053788006306
2,65962,4,2,64,33.299691043794155
2,65962,4,2,128,59.88604994490743
2,65962,4,4,64,33.18257397040725
2,65962,4,4,128,59.88464178517461
2,65962,4,8,64,-1.0
2,65962,4,8,128,-1.0
2,65962,8,1,64,65.37413271144032
2,65962,8,1,128,117.85234184935689
2,65962,8,2,128,117.8714451380074
2,65962,8,8,128,117.93294688686728
2,65962,16,2,64,129.37454273924232
2,65962,16,4,64,129.49885800480843
2,65962,16,8,128,231.60296399146318
2,65962,32,2,128,453.16262263804674
2,65962,64,1,64,508.6915153078735
2,65962,64,4,64,507.6068709604442
2,65962,64,8,64,509.2350197955966
2,65962,128,1,128,1799.4060670025647
2,65962,128,8,128,1797.8918976150453
2,67276,32,2,128,470.6331752240658
2,67276,64,1,64,528.3549628220499
2,67276,64,4,64,528.5999160259962
2,67276,64,8,128,933.1232309341431
2,67276,128,2,128,1870.328534860164
2,76000,2,1,64,21.79169887676835
2,76000,2,1,128,39.3274431116879
2,76000,2,2,64,21.77928388118744
2,76000,2,2,128,39.11573626101017
2,76000,2,4,64,-1.0
2,76000,2,4,128,-1.0
2,76000,2,8,64,-1.0
2,76000,2,8,128,-1.0
2,76000,4,1,64,43.40224992483854
2,76000,4,1,128,78.07819684967399
2,76000,4,2,64,43.358027935028076
2,76000,4,2,128,77.8598659671843
2,76000,4,4,64,43.194353114813566
2,76000,4,4,128,78.12088401988149
2,76000,4,8,64,-1.0
2,76000,4,8,128,-1.0
2,76000,8,1,64,86.18001593276858
2,76000,8,2,64,86.01586101576686
2,76000,8,2,128,155.07768793031573
2,76000,8,8,128,154.80611007660627
2,76000,16,2,64,171.27266805619
2,76000,16,4,64,170.95030890777707
2,76000,16,8,64,171.38386564329267
2,76000,32,2,64,339.3145059235394
2,76000,32,4,128,599.9897001311183
2,76000,64,2,64,673.6553460359573
2,76000,64,4,128,1200.5143561400473
2,76000,128,2,64,1345.8947413600981
2,76000,128,4,128,2388.777886983007
2,78568,8,8,64,92.55114803090692
2,78568,16,1,64,182.6797667890787
2,78568,16,2,128,325.2836582250893
2,78568,16,8,128,325.43888688087463
2,78568,32,2,128,641.7955718934536
2,78568,64,1,64,720.2257667668164
2,78568,64,4,64,719.6954460814595
2,78568,64,8,64,719.5872068405151
2,78568,128,1,128,2551.8422941677272
2,78568,128,8,128,2552.430445328355
2,79983,32,2,128,666.230181697756
2,79983,64,1,64,747.027994133532
2,79983,64,4,64,746.920364908874
2,79983,64,8,128,1330.8042888529599
2,79983,128,2,128,2647.4639330990613
2,83747,2,1,64,26.716529857367277
2,83747,2,1,128,47.837682999670506
2,83747,2,2,64,26.608532294631004
2,83747,2,2,128,47.90232144296169
2,83747,2,4,64,-1.0
2,83747,2,4,128,-1.0
2,83747,2,8,64,-1.0
2,83747,2,8,128,-1.0
2,83747,4,1,64,52.97400010749698
2,83747,4,1,128,95.50577076151967
2,83747,4,2,64,53.02596604451537
2,83747,4,2,128,95.62525618821383
2,83747,4,4,64,53.035628981888294
2,83747,4,4,128,95.48180410638452
2,83747,4,8,64,-1.0
2,83747,4,8,128,-1.0
2,83747,8,1,64,105.25393579155207
2,83747,8,1,128,188.40634310618043
2,83747,8,4,64,105.39918905124068
2,83747,8,8,64,105.34171899780631
2,83747,16,1,64,208.30218493938446
2,83747,16,2,128,367.7758928388357
2,83747,16,8,128,367.5938486121595
2,83747,32,2,128,730.1523718051612
2,83747,64,1,64,819.4453809410334
2,83747,64,4,64,819.3115768954158
2,83747,64,8,128,1456.4861143007874
2,83747,128,2,128,2906.5282931551337
2,83768,2,1,64,26.68491704389453
2,83768,2,1,128,47.836792189627886
2,83768,2,2,64,26.65966982021928
2,83768,2,2,128,47.9423888027668
2,83768,2,4,64,-1.0
2,83768,2,4,128,-1.0
2,83768,2,8,64,-1.0
2,83768,2,8,128,-1.0
2,83768,4,1,64,52.8974630869925
2,83768,4,1,128,95.03852762281895
2,83768,4,2,64,52.92872618883848
2,83768,4,2,128,94.82851717621088
2,83768,4,4,64,52.98584420233965
2,83768,4,4,128,95.58814577758312
2,83768,4,8,64,-1.0
2,83768,4,8,128,-1.0
2,83768,8,1,64,104.67837797477841
2,83768,8,1,128,187.58160015568137
2,83768,8,2,128,188.27924598008394
2,83768,8,8,64,104.89657986909151
2,83768,16,1,64,207.9798299819231
2,83768,16,2,128,367.295338306576
2,83768,16,8,128,366.70626513659954
2,83768,32,2,64,410.64888006076217
2,83768,32,4,128,728.1939978711307
2,83768,64,2,64,818.4411283582449
2,83768,64,4,128,1452.4493138305843
2,83768,128,2,64,1635.6754386797547
2,83768,128,4,128,2904.2330430820584
2,87835,8,8,128,206.45183697342873
2,87835,16,2,64,229.2928211390972
2,87835,16,4,64,229.16098311543465
2,87835,16,8,64,228.79814496263862
2,87835,32,1,128,798.9861150272191
2,87835,32,8,64,452.537571080029
2,87835,64,1,128,1602.2439352236688
2,87835,64,8,128,1601.3586772605777
2,87835,128,2,128,3209.003849886358
2,93030,2,1,64,33.5283987224102
2,93030,2,1,128,59.92184393107891
2,93030,2,2,64,33.49608089774847
2,93030,2,2,128,60.20481279119849
2,93030,2,4,64,-1.0
2,93030,2,4,128,-1.0
2,93030,2,8,64,-1.0
2,93030,2,8,128,-1.0
2,93030,4,1,64,65.26238191872835
2,93030,4,1,128,117.09066992625594
2,93030,4,2,64,65.32548414543271
2,93030,4,2,128,116.460797842592
2,93030,4,4,64,65.16804778948426
2,93030,4,4,128,117.2293871641159
2,93030,4,8,64,-1.0
2,93030,4,8,128,-1.0
2,93030,8,1,64,128.36968107149005
2,93030,8,1,128,230.43471528217196
2,93030,8,4,128,230.23062385618687
2,93030,16,1,64,255.96328498795629
2,93030,16,2,128,450.50415582954884
2,93030,16,8,128,450.5859138444066
2,93030,32,2,128,894.9988642707467
2,93030,64,1,64,1009.0229413472116
2,93030,64,4,64,1008.0075697042048
2,93030,64,8,64,1007.9002119600773
2,93030,128,1,128,3587.983062956482
2,93030,128,8,128,3589.1065536998212
2,93233,32,2,128,900.642529129982
2,93233,64,1,64,1014.9489990435541
2,93233,64,4,64,1014.8426652885973
2,93233,64,8,128,1803.8684069178998
2,93233,128,2,128,3608.3481581881642
2,94976,2,1,64,35.40300019085407
2,94976,2,1,128,62.372262589633465
2,94976,2,2,64,35.18742183223367
2,94976,2,2,128,62.03655991703272
2,94976,2,4,64,-1.0
2,94976,2,4,128,-1.0
2,94976,2,8,64,-1.0
2,94976,2,8,128,-1.0
2,94976,4,1,64,68.17073887214065
2,94976,4,1,128,121.45552271977067
2,94976,4,2,64,68.22046590968966
2,94976,4,2,128,121.07758084312081
2,94976,4,4,64,68.12024489045143
2,94976,4,4,128,121.35456502437592
2,94976,4,8,64,-1.0
2,94976,4,8,128,-1.0
2,94976,8,1,64,134.93751408532262
2,94976,8,2,64,134.6688182093203
2,94976,8,2,128,243.06326592341065
2,94976,8,8,128,242.84583097323775
2,94976,16,2,64,267.0351336710155
2,94976,16,4,64,266.975583974272
2,94976,16,8,64,265.43040620163083
2,94976,32,1,128,936.6377182304859
2,94976,32,8,64,525.9967902675271
2,94976,64,1,128,1871.699868235737
2,94976,64,8,128,1872.863485943526
2,94976,128,2,128,3742.2168869525194
2,101250,2,1,64,38.79599692299962
2,101250,2,1,128,68.96821595728397
2,101250,2,2,64,38.40567218139768
2,101250,2,2,128,69.16402000933886
2,101250,2,4,64,-1.0
2,101250,2,4,128,-1.0
2,101250,2,8,64,-1.0
2,101250,2,8,128,-1.0
2,101250,4,1,64,76.45419985055923
2,101250,4,1,128,137.27587275207043
2,101250,4,2,64,76.5342628583312
2,101250,4,2,128,137.16132938861847
2,101250,4,4,64,76.65023393929005
2,101250,4,4,128,137.68848404288292
2,101250,4,8,64,-1.0
2,101250,4,8,128,-1.0
2,101250,8,1,64,152.75856386870146
2,101250,8,1,128,272.5894879549742
2,101250,8,4,64,152.28334302082658
2,101250,8,8,64,152.20673708245158
2,101250,16,1,64,302.51195514574647
2,101250,16,2,128,532.209828030318
2,101250,16,8,128,533.5138267837465
2,101250,32,2,128,1060.9550420194864
2,101250,64,1,64,1197.191503830254
2,101250,64,4,64,1197.281101718545
2,101250,64,8,64,1197.1268029883504
2,101250,128,1,128,4269.589454866946
2,101250,128,8,128,4270.839517004788
2,102318,32,2,128,1086.924843955785
2,102318,64,1,64,1221.5295392088592
2,102318,64,4,64,1221.6721586883068
2,102318,64,8,128,2180.5431190878153
2,102318,128,2,128,4357.956669293344
2,104155,2,1,64,41.11327603459358
2,104155,2,1,128,73.74184299260378
2,104155,2,2,64,41.070717852562666
2,104155,2,2,128,73.88903992250562
2,104155,2,4,64,-1.0
2,104155,2,4,128,-1.0
2,104155,2,8,64,-1.0
2,104155,2,8,128,-1.0
2,104155,4,1,64,81.19893213734031
2,104155,4,1,128,146.08321012929082
2,104155,4,2,64,81.39780629426241
2,104155,4,2,128,145.16723481938243
2,104155,4,4,64,81.1206609942019
2,104155,4,4,128,146.05748327448964
2,104155,4,8,64,-1.0
2,104155,4,8,128,-1.0
2,104155,8,1,64,160.85607931017876
2,104155,8,1,128,287.69636107608676
2,104155,8,4,64,160.81947088241577
2,104155,8,8,64,161.04621719568968
2,104155,16,1,64,319.15871798992157
2,104155,16,2,128,564.4642673432827
2,104155,16,8,128,564.2031859606504
2,104155,32,2,128,1128.7206038832664
2,104155,64,1,64,1265.1884779334068
2,104155,64,4,64,1265.7520161010325
2,104155,64,8,64,1265.7834831625223
2,104155,128,1,128,4514.571104198694
2,104155,128,8,128,4520.834079012275
2,104990,32,2,128,1147.9672989808023
2,104990,64,1,64,1287.1524468064308
2,104990,64,4,64,1285.9690538607538
2,104990,64,8,128,2297.353660687804
2,104990,128,2,128,4589.754326269031
2,108127,2,1,64,44.436209835112095
2,108127,2,1,128,80.33398119732738
2,108127,2,2,64,44.40222634002566
2,108127,2,2,128,79.67031793668866
2,108127,2,4,64,-1.0
2,108127,2,4,128,-1.0
2,108127,2,8,64,-1.0
2,108127,2,8,128,-1.0
2,108127,4,1,64,87.8413743339479
2,108127,4,1,128,157.00111165642738
2,108127,4,2,64,87.39296905696392
2,108127,4,2,128,156.83606080710888
2,108127,4,4,64,87.47018314898014
2,108127,4,4,128,156.38781618326902
2,108127,4,8,64,-1.0
2,108127,4,8,128,-1.0
2,108127,8,1,64,173.91520785167813
2,108127,8,2,64,174.10694807767868
2,108127,8,2,128,310.1485618390143
2,108127,8,8,128,309.92204090580344
2,108127,16,2,64,343.20918982848525
2,108127,16,4,64,343.7334019690752
2,108127,16,8,64,343.4414090588689
2,108127,32,1,128,1219.7208642028272
2,108127,32,8,64,682.9306627623737
2,108127,64,1,128,2431.8739981390536
2,108127,64,8,128,2430.4138110019267
2,108127,128,2,128,4868.011385202408
2,111290,2,1,64,47.03513905405998
2,111290,2,1,128,85.02394985407591
2,111290,2,2,64,47.265308909118176
2,111290,2,2,128,84.55234719440341
2,111290,2,4,64,-1.0
2,111290,2,4,128,-1.0
2,111290,2,8,64,-1.0
2,111290,2,8,128,-1.0
2,111290,4,1,64,92.46139088645577
2,111290,4,1,128,165.575600694865
2,111290,4,2,64,92.40145701915026
2,111290,4,2,128,164.87040556967258
2,111290,4,4,64,92.29623107239604
2,111290,4,4,128,166.15757439285517
2,111290,4,8,64,-1.0
2,111290,4,8,128,-1.0
2,111290,8,1,64,184.5211680047214
2,111290,8,1,128,326.6590042039752
2,111290,8,2,128,326.7928874120116
2,111290,8,8,128,327.1340951323509
2,111290,16,2,64,363.248978741467
2,111290,16,4,64,363.716134801507
2,111290,16,8,64,363.0643440410495
2,111290,32,1,64,722.5859938189387
2,111290,32,4,64,722.7133512496948
2,111290,32,8,128,1292.510102968663
2,111290,64,2,128,2572.0047620125115
2,111290,128,1,64,2888.0861699581146
2,111290,128,4,64,2888.295830693096
2,111290,128,8,128,5170.233579818159
2,111499,32,2,128,1297.203274909407
2,111499,64,1,64,1451.0138030163944
2,111499,64,4,64,1452.0453289151192
2,111499,64,8,128,2592.5877797417343
2,111499,128,2,128,5201.1786652728915
2,112462,2,1,64,47.943929210305214
2,112462,2,1,128,86.22141880914569
2,112462,2,2,64,47.95727366581559
2,112462,2,2,128,86.57625736668706
2,112462,2,4,64,-1.0
2,112462,2,4,128,-1.0
2,112462,2,8,64,-1.0
2,112462,2,8,128,-1.0
2,112462,4,1,64,94.8593420907855
2,112462,4,1,128,169.921203982085
2,112462,4,2,64,94.94493994861841
2,112462,4,2,128,169.4206092506647
2,112462,4,4,64,95.4494709149003
2,112462,4,4,128,171.735686250031
2,112462,4,8,64,-1.0
2,112462,4,8,128,-1.0
2,112462,8,1,64,188.34732566028833
2,112462,8,2,64,188.6712871491909
2,112462,8,2,128,336.39350440353155
2,112462,8,8,64,188.02614975720644
2,112462,16,1,64,370.93508802354336
2,112462,16,2,128,658.0717354081571
2,112462,16,8,128,657.9614980146289
2,112462,32,2,64,738.7799168936908
2,112462,32,4,128,1318.5439510270953
2,112462,64,2,64,1474.0632995963097
2,112462,64,4,128,2631.525516975671
2,112462,128,2,64,2950.0714149326086
2,112462,128,4,128,5283.0106457695365
2,115266,16,1,64,389.51425114646554
2,115266,16,2,128,692.08908919245
2,115266,16,8,128,692.5755091942847
2,115266,32,2,64,775.1863282173872
2,115266,32,4,128,1383.9798173867166
2,115266,64,2,64,1548.5388808883727
2,115266,64,4,128,2760.5170384049416
2,115266,128,2,64,3096.8335401266813
2,115266,128,4,128,5552.7916662395
2,118347,16,1,64,409.42419739440084
2,118347,16,2,128,729.7692829743028
2,118347,16,8,128,729.9585328437388
2,118347,32,2,64,817.9549877531826
2,118347,32,4,128,1458.8300231844187
2,118347,64,2,64,1633.9683942496777
2,118347,64,4,128,2912.890437990427
2,118347,128,2,64,3270.4157982952893
2,118347,128,4,128,5858.015073928982
2,118583,16,1,128,730.043631978333
2,118583,16,4,128,730.826236307621
2,118583,32,1,128,1464.2181326635182
2,118583,32,8,64,821.7790769413114
2,118583,64,1,128,2930.668553803116
2,118583,64,8,128,2918.8771708868444
2,118583,128,2,128,5890.743063762784
2,122507,2,1,64,57.57460091263056
2,122507,2,1,128,102.90699079632759
2,122507,2,2,64,57.44388420134783
2,122507,2,2,128,103.14852138981223
2,122507,2,4,64,-1.0
2,122507,2,4,128,-1.0
2,122507,2,8,64,-1.0
2,122507,2,8,128,-1.0
2,122507,4,1,64,112.57403716444969
2,122507,4,1,128,200.89411083608866
2,122507,4,2,64,112.60648397728801
2,122507,4,2,128,201.051770709455
2,122507,4,4,64,112.56270902231336
2,122507,4,4,128,200.6223746575415
2,122507,4,8,64,-1.0
2,122507,4,8,128,-1.0
2,122507,8,1,64,223.03734393790364
2,122507,8,1,128,393.8283328898251
2,122507,8,4,64,222.75344701483846
2,122507,8,4,128,393.1553913280368
2,122507,16,1,128,781.4350039698184
2,122507,16,4,128,780.2946493029594
2,122507,32,1,128,1562.4311971478164
2,122507,32,8,64,878.6717131733894
2,122507,64,1,128,3131.811622995883
2,122507,64,8,128,3136.47807110101
2,122507,128,2,128,6313.469739165157
2,131072,2,1,64,65.52527192980051
2,131072,2,1,128,117.41383466869593
2,131072,2,2,64,65.47448923811316
2,131072,2,2,128,117.38100368529558
2,131072,2,4,64,-1.0
2,131072,2,4,128,-1.0
2,131072,2,8,64,-1.0
2,131072,2,8,128,-1.0
2,131072,4,1,64,129.94353100657463
2,131072,4,1,128,230.29714170843363
2,131072,4,2,64,129.77792276069522
2,131072,4,2,128,230.55463889613748
2,131072,4,4,64,129.76589193567634
2,131072,4,4,128,230.33208400011063
2,131072,4,8,64,-1.0
2,131072,4,8,128,-1.0
2,131072,8,1,64,255.51419192925096
2,131072,8,2,64,255.5678547360003
2,131072,8,2,128,451.6901592724025
2,131072,8,8,128,450.53582079708576
2,131072,16,2,64,503.48131312057376
2,131072,16,4,64,503.5309111699462
2,131072,16,8,64,503.7525058723986
2,131072,32,1,64,1003.3332793973386
2,131072,32,4,64,1002.9671941883862
2,131072,32,8,128,1787.5776211731136
2,131072,64,2,128,3584.8662899807096
2,131072,128,1,64,4016.475386917591
2,131072,128,4,64,4016.62802323699
2,131072,128,8,128,7258.943397086114
4,18671,32,1,64,42.43890382349491
4,18671,32,4,64,42.45794378221035
4,18671,32,8,64,42.45746415108442
4,18671,64,1,128,150.04476718604565
4,18671,64,8,128,149.90899385884404
4,18671,128,2,128,296.63538187742233
4,20042,2,1,64,3.2730032689869404
4,20042,2,1,128,5.740012042224407
4,20042,2,2,64,3.215884789824486
4,20042,2,2,128,5.736108403652906
4,20042,2,4,64,-1.0
4,20042,2,4,128,-1.0
4,20042,2,8,64,-1.0
4,20042,2,8,128,-1.0
4,20042,4,1,64,6.365531124174595
4,20042,4,1,128,11.397082358598709
4,20042,4,2,64,6.366171408444643
4,20042,4,2,128,11.34457066655159
4,20042,4,4,64,6.329276133328676
4,20042,4,4,128,11.373882181942463
4,20042,4,8,64,-1.0
4,20042,4,8,128,-1.0
4,20042,8,1,64,12.448639143258333
4,20042,8,2,64,12.44892692193389
4,20042,8,4,64,12.44425494223833
4,20042,8,8,64,12.379649095237255
4,20042,16,1,128,43.89630630612373
4,20042,16,4,128,44.18765893206
4,20042,32,1,128,87.42545498535037
4,20042,32,8,128,87.24203612655401
4,20042,64,2,128,173.36054937914014
4,20042,128,1,64,191.9832997955382
4,20042,128,4,64,191.88752677291632
4,20042,128,8,128,340.34385392442346
4,20397,32,2,128,90.5345780774951
4,20397,64,1,64,100.79770721495152
4,20397,64,4,64,100.61655985191464
4,20397,64,8,128,179.2986737564206
4,20397,128,2,128,350.9302153252065
4,27472,2,1,64,5.926663987338543
4,27472,2,1,128,10.85975393652916
4,27472,2,2,64,6.037318147718906
4,27472,2,2,128,10.857994202524424
4,27472,2,4,64,-1.0
4,27472,2,4,128,-1.0
4,27472,2,8,64,-1.0
4,27472,2,8,128,-1.0
4,27472,4,1,64,11.765011120587587
4,27472,4,1,128,21.073700860142708
4,27472,4,2,64,11.733460240066051
4,27472,4,2,128,20.944487769156694
4,27472,4,4,128,21.040006075054407
4,27472,8,2,64,23.083473090082407
4,27472,8,4,64,23.09518540278077
4,27472,8,8,64,23.06673815473914
4,27472,16,1,64,45.64916808158159
4,27472,16,2,128,82.1018978022039
4,27472,32,1,128,162.4215696938336
4,27472,32,8,64,90.91504802927375
4,27472,64,1,128,319.3156970664859
4,27472,64,8,128,319.42980643361807
4,27472,128,2,128,629.1025690734386
4,28451,2,1,64,6.402653641998768
4,28451,2,1,128,11.421054136008024
4,28451,2,2,64,6.347838789224625
4,28451,2,2,128,11.360479984432459
4,28451,2,4,64,-1.0
4,28451,2,4,128,-1.0
4,28451,2,8,64,-1.0
4,28451,2,8,128,-1.0
4,28451,4,1,64,12.58787326514721
4,28451,4,1,128,22.64742599800229
4,28451,4,2,64,12.642976362258196
4,28451,4,2,128,22.595971822738647
4,28451,4,4,64,12.692030984908342
4,28451,4,4,128,22.597474977374077
4,28451,4,8,64,-1.0
4,28451,4,8,128,-1.0
4,28451,8,1,64,24.80855630710721
4,28451,8,1,128,44.481178279966116
4,28451,8,4,128,44.41269999369979
4,28451,16,1,128,87.96695666387677
4,28451,16,4,128,87.85867085680366
4,28451,32,1,128,174.50818978250027
4,28451,32,8,64,97.64152765274048
4,28451,64,1,128,342.38240495324135
4,28451,64,8,128,341.6706142015755
4,28451,128,2,128,675.3118308261037
4,32768,2,1,64,8.197361137717962
4,32768,2,1,128,15.057411044836044
4,32768,2,2,64,8.189649321138859
4,32768,2,2,128,15.005795750766993
4,32768,2,4,64,-1.0
4,32768,2,4,128,-1.0
4,32768,2,8,64,-1.0
4,32768,2,8,128,-1.0
4,32768,4,1,64,16.533949878066778
4,32768,4,1,128,29.883915092796087
4,32768,4,2,64,16.516478266566992
4,32768,4,2,128,29.803053941577673
4,32768,4,4,64,16.52854075655341
4,32768,4,4,128,29.81127705425024
4,32768,4,8,64,-1.0
4,32768,4,8,128,-1.0
4,32768,8,1,64,32.47309708967805
4,32768,8,2,64,32.60013507679105
4,32768,8,4,128,58.53662919253111
4,32768,16,1,128,116.09600391238928
4,32768,16,4,128,116.38521309942007
4,32768,32,2,64,127.7101431041956
4,32768,32,4,128,229.24226010218263
4,32768,64,2,64,254.10627061501145
4,32768,64,4,128,449.3481437675655
4,32768,128,2,64,503.1056310981512
4,32768,128,4,128,891.9069562107325
4,33745,8,8,128,61.948319897055626
4,33745,16,2,64,68.58603889122605
4,33745,16,4,64,68.60907888039947
4,33745,16,8,64,68.79070587456226
4,33745,32,1,64,136.43692899495363
4,33745,32,4,64,135.98890928551555
4,33745,32,8,128,242.9075138643384
4,33745,64,2,128,474.45317218080163
4,33745,128,1,64,535.2370729669929
4,33745,128,4,64,535.4252280667424
4,33745,128,8,128,942.719076294452
4,33810,32,2,128,243.56676172465086
4,33810,64,1,64,271.857725456357
4,33810,64,4,64,272.1262942068279
4,33810,64,8,128,477.2419980727136
4,33810,128,2,128,948.222957085818
4,35617,2,1,64,10.096219833940268
4,35617,2,1,128,17.41961482912302
4,35617,2,2,64,9.663943201303482
4,35617,2,2,128,17.47417403385043
4,35617,2,4,64,-1.0
4,35617,2,4,128,-1.0
4,35617,2,8,64,-1.0
4,35617,2,8,128,-1.0
4,35617,4,1,64,19.411340821534395
4,35617,4,1,128,34.65584386140108
4,35617,4,2,64,19.34551913291216
4,35617,4,2,128,34.72509095445275
4,35617,4,4,64,19.35838209465146
4,35617,4,4,128,34.71152205020189
4,35617,4,8,64,-1.0
4,35617,4,8,128,-1.0
4,35617,8,1,64,38.53929601609707
4,35617,8,1,128,69.14634816348553
4,35617,8,4,64,38.63254189491272
4,35617,8,8,64,38.59522985294461
4,35617,16,1,64,76.44513715058565
4,35617,16,2,128,136.95551501587033
4,35617,16,8,128,137.00076192617416
4,35617,32,2,128,270.06956236436963
4,35617,64,1,64,301.4135230332613
4,35617,64,4,64,301.2342629954219
4,35617,64,8,128,527.7827372774482
4,35617,128,2,128,1051.9330874085426
4,35839,2,1,64,9.769219905138016
4,35839,2,1,128,17.532540950924158
4,35839,2,2,64,9.760837070643902
4,35839,2,2,128,17.41596683859825
4,35839,2,4,64,-1.0
4,35839,2,4,128,-1.0
4,35839,2,8,64,-1.0
4,35839,2,8,128,-1.0
4,35839,4,1,64,19.419788848608732
4,35839,4,1,128,34.85315106809139
4,35839,4,2,64,19.5134817622602
4,35839,4,2,128,35.13436019420624
4,35839,4,4,64,19.40817292779684
4,35839,4,4,128,34.96700385585427
4,35839,4,8,64,-1.0
4,35839,4,8,128,-1.0
4,35839,8,1,64,38.78114698454738
4,35839,8,1,128,69.61392099037766
4,35839,8,2,128,69.92104789242148
4,35839,8,8,128,69.84409084543586
4,35839,16,2,64,77.18534208834171
4,35839,16,4,64,76.88960479572415
4,35839,16,8,64,77.1456309594214
4,35839,32,1,64,152.73190988227725
4,35839,32,4,64,152.8344671241939
4,35839,32,8,128,273.12650717794895
4,35839,64,2,128,533.9134270325303
4,35839,128,1,64,601.7728331498802
4,35839,128,4,64,600.9192550554872
4,35839,128,8,128,1062.6245248131454
4,39933,32,1,64,189.33314410969615
4,39933,32,4,64,189.28229715675116
4,39933,32,8,128,335.7051839120686
4,39933,64,2,128,661.5442871116102
4,39933,128,1,64,745.3555376268923
4,39933,128,4,64,745.6559431739151
4,39933,128,8,128,1320.2388831414282
4,40392,32,2,128,344.0456730313599
4,40392,64,1,64,383.3434348925948
4,40392,64,4,64,383.6809298954904
4,40392,64,8,128,677.9963350854814
4,40392,128,2,128,1350.9838050231338
4,46594,2,1,64,16.97272527962923
4,46594,2,1,128,30.284710228443146
4,46594,2,2,64,16.925781965255737
4,46594,2,2,128,30.261351261287928
4,46594,2,4,64,-1.0
4,46594,2,4,128,-1.0
4,46594,2,8,64,-1.0
4,46594,2,8,128,-1.0
4,46594,4,1,64,33.22198009118438
4,46594,4,1,128,59.35984896495938
4,46594,4,2,64,33.06975960731506
4,46594,4,2,128,59.20260492712259
4,46594,4,4,64,33.066718839108944
4,46594,4,4,128,59.287338983267546
4,46594,8,1,128,117.16092191636562
4,46594,8,4,128,117.55705438554287
4,46594,16,1,128,232.17626381665468
4,46594,16,4,128,230.9640389867127
4,46594,32,2,64,258.6474260315299
4,46594,32,4,128,453.0253931879997
4,46594,64,2,64,510.6576457619667
4,46594,64,4,128,899.7196522541344
4,46594,128,2,64,1018.3698940090835
4,46594,128,4,128,1796.421973966062
4,49328,8,4,128,131.3273198902607
4,49328,16,1,128,259.61081497371197
4,49328,16,4,128,258.7123420089483
4,49328,32,1,128,505.1131919026375
4,49328,32,8,64,288.1914898753166
4,49328,64,1,128,1006.9653778336942
4,49328,64,8,128,1005.8000008575618
4,49328,128,2,128,2006.52224291116
4,50639,2,1,64,19.41478392109275
4,50639,2,1,128,34.95798399671912
4,50639,2,2,64,19.450880121439695
4,50639,2,2,128,35.12143576517701
4,50639,2,4,64,-1.0
4,50639,2,4,128,-1.0
4,50639,2,8,64,-1.0
4,50639,2,8,128,-1.0
4,50639,4,1,64,38.79139386117458
4,50639,4,1,128,69.39518125727773
4,50639,4,2,64,38.63363713026047
4,50639,4,2,128,69.49783395975828
4,50639,4,4,64,38.58973411843181
4,50639,4,4,128,69.24264086410403
4,50639,4,8,64,-1.0
4,50639,4,8,128,-1.0
4,50639,8,1,64,76.81016717106104
4,50639,8,1,128,137.88785692304373
4,50639,8,4,64,77.03780895099044
4,50639,8,8,64,77.04510493203998
4,50639,16,1,128,272.124988026917
4,50639,16,4,128,272.82320987433195
4,50639,32,1,64,303.0468802899122
4,50639,32,4,64,303.39739890769124
4,50639,32,8,128,532.0891998708248
4,50639,64,2,128,1062.6319739967585
4,50639,128,1,64,1200.9620042517781
4,50639,128,4,64,1201.8425576388836
4,50639,128,8,128,2119.411006104201
4,52118,32,2,128,565.3728870674968
4,52118,64,1,64,636.3626280799508
4,52118,64,4,64,636.9420392438769
4,52118,64,8,128,1128.3958018757403
4,52118,128,2,128,2248.2461100444198
4,57039,2,1,64,25.122368708252907
4,57039,2,1,128,45.088422019034624
4,57039,2,2,64,25.17590392380953
4,57039,2,2,128,45.15315592288971
4,57039,2,4,64,-1.0
4,57039,2,4,128,-1.0
4,57039,2,8,64,-1.0
4,57039,2,8,128,-1.0
4,57039,4,1,64,49.17404614388943
4,57039,4,1,128,88.64040300250053
4,57039,4,2,64,49.18562900274992
4,57039,4,2,128,88.44530396163464
4,57039,4,4,64,49.26265170797706
4,57039,4,4,128,88.3629061281681
4,57039,4,8,64,-1.0
4,57039,4,8,128,-1.0
4,57039,8,1,64,97.07980416715145
4,57039,8,2,64,97.3660689778626
4,57039,8,2,128,174.49198011308908
4,57039,8,8,128,174.16600417345762
4,57039,16,2,64,192.93311098590493
4,57039,16,4,64,193.11006600037217
4,57039,16,8,64,193.0666440166533
4,57039,32,2,64,382.19147408381104
4,57039,32,4,128,675.9314257651567
4,57039,64,2,64,761.2514751963317
4,57039,64,4,128,1348.5238328576088
4,57039,128,2,64,1520.7005278207362
4,57039,128,4,128,2688.426193781197
4,62003,8,4,128,205.78673714771867
4,62003,16,1,128,401.6207796521485
4,62003,16,4,128,402.0562581717968
4,62003,32,1,64,450.45424019917846
4,62003,32,4,64,450.69077890366316
4,62003,32,8,128,797.8387209586799
4,62003,64,2,128,1589.2859771847725
4,62003,128,1,64,1798.6206077039242
4,62003,128,4,64,1797.2714300267398
4,62003,128,8,128,3181.0833527706563
4,65536,32,2,128,893.8078028149903
4,65536,64,1,64,1003.8769282400608
4,65536,64,4,64,1003.12042189762
4,65536,64,8,64,1002.4913176894188
4,65536,128,1,128,3562.4950639903545
4,65536,128,8,128,3562.2424869798124
4,65962,32,2,128,902.0543480291963
4,65962,64,1,64,1017.6351829431951
4,65962,64,4,64,1017.3057820647955
4,65962,64,8,128,1803.555881138891
4,65962,128,2,128,3593.7886647880077
4,67276,2,1,64,34.14243180304766
4,67276,2,1,128,61.69242272153497
4,67276,2,2,64,34.20931100845337
4,67276,2,2,128,61.39815924689174
4,67276,2,4,64,-1.0
4,67276,2,4,128,-1.0
4,67276,2,8,64,-1.0
4,67276,2,8,128,-1.0
4,67276,4,1,64,67.83041218295693
4,67276,4,1,128,121.8122779391706
4,67276,4,2,64,67.83229997381568
4,67276,4,2,128,121.6068109497428
4,67276,4,4,64,67.65636801719666
4,67276,4,4,128,121.15216720849276
4,67276,4,8,64,-1.0
4,67276,4,8,128,-1.0
4,67276,8,1,64,135.65794378519058
4,67276,8,1,128,242.27972608059645
4,67276,8,4,64,135.07926790043712
4,67276,8,8,64,134.9247437901795
4,67276,16,1,64,267.41460617631674
4,67276,16,2,128,470.8680468611419
4,67276,16,8,128,470.9171331487596
4,67276,32,2,128,932.6527388766408
4,67276,64,1,64,1056.6453631035984
4,67276,64,4,64,1057.3625611141324
4,67276,64,8,64,1057.305411901325
4,67276,128,1,128,3734.101789072156
4,67276,128,8,128,3739.215762820095
4,76000,32,1,64,674.75341912359
4,76000,32,4,64,675.0419889576733
4,76000,32,8,128,1200.7463402114809
4,76000,64,2,128,2389.9788539856672
4,76000,128,1,64,2690.866126678884
4,76000,128,4,64,2693.5038659721613
4,76000,128,8,128,4767.725894227624
4,78568,32,2,128,1285.4984602890909
4,78568,64,1,64,1439.4088019616902
4,78568,64,4,64,1439.3273340538144
4,78568,64,8,128,2556.725138798356
4,78568,128,2,128,5105.42553011328
4,79983,2,1,64,48.2091517187655
4,79983,2,1,128,87.04222086817026
4,79983,2,2,64,48.22137579321861
4,79983,2,2,128,87.21719216555357
4,79983,2,4,64,-1.0
4,79983,2,4,128,-1.0
4,79983,2,8,64,-1.0
4,79983,2,8,128,-1.0
4,79983,4,1,64,95.30623722821474
4,79983,4,1,128,170.40562210604548
4,79983,4,2,64,95.43224889785051
4,79983,4,2,128,170.59230618178844
4,79983,4,4,64,95.65685177221894
4,79983,4,4,128,171.4456076733768
4,79983,4,8,64,-1.0
4,79983,4,8,128,-1.0
4,79983,8,1,64,189.84970822930336
4,79983,8,1,128,338.44486717134714
4,79983,8,2,128,336.63451205939054
4,79983,8,8,128,337.24307315424085
4,79983,16,2,64,375.53546205163
4,79983,16,4,64,374.787671957165
4,79983,16,8,64,375.53245294839144
4,79983,32,1,64,746.9047550112009
4,79983,32,4,64,746.7793840914965
4,79983,32,8,128,1331.5558340400457
4,79983,64,2,128,2650.9696752764285
4,79983,128,1,64,2984.7180861979723
4,79983,128,4,64,2987.184981815517
4,79983,128,8,128,5299.910228233784
4,83747,32,2,64,820.7679782062769
4,83747,32,4,128,1456.9714949466288
4,83747,64,2,64,1640.4971135780215
4,83747,64,4,128,2905.7470811530948
4,83747,128,2,64,3280.215822160244
4,83747,128,4,128,5811.056784819812
4,83768,16,1,128,729.8355563543737
4,83768,16,4,128,729.5063161291182
4,83768,32,1,128,1458.1331149674952
4,83768,32,8,64,819.8698931373656
4,83768,64,1,128,2904.082127381116
4,83768,64,8,128,2906.4073557965457
4,83768,128,2,128,5802.738107275218
4,87835,2,1,64,58.11520712450147
4,87835,2,1,128,104.0942664258182
4,87835,2,2,64,58.24819579720497
4,87835,2,2,128,105.5350941605866
4,87835,2,4,64,-1.0
4,87835,2,4,128,-1.0
4,87835,2,8,64,-1.0
4,87835,2,8,128,-1.0
4,87835,4,1,64,116.45703297108412
4,87835,4,1,128,205.53736481815577
4,87835,4,2,64,115.25821406394243
4,87835,4,2,128,205.36613697186112
4,87835,4,4,64,115.21821469068527
4,87835,4,4,128,205.95172327011824
4,87835,4,8,64,-1.0
4,87835,4,8,128,-1.0
4,87835,8,1,64,228.8772063329816
4,87835,8,1,128,403.5754860378802
4,87835,8,2,128,403.85995991528034
4,87835,8,8,128,404.21092696487904
4,87835,16,2,64,453.5354417748749
4,87835,16,4,64,453.3964046277106
4,87835,16,8,64,451.8668749369681
4,87835,32,1,128,1601.7598970793188
4,87835,32,8,64,903.0211139470339
4,87835,64,1,128,3212.307254783809
4,87835,64,8,128,3210.549474693835
4,87835,128,2,128,6408.715869300067
4,93030,2,1,64,65.38475072011352
4,93030,2,1,128,116.6189662180841
4,93030,2,2,64,65.40721515193582
4,93030,2,2,128,117.19135893508792
4,93030,2,4,64,-1.0
4,93030,2,4,128,-1.0
4,93030,2,8,64,-1.0
4,93030,2,8,128,-1.0
4,93030,4,1,64,128.6251568235457
4,93030,4,1,128,229.68065459281206
4,93030,4,2,64,128.954716026783
4,93030,4,2,128,229.72446214407682
4,93030,4,4,64,128.95046081393957
4,93030,4,4,128,230.32755078747869
4,93030,4,8,64,-1.0
4,93030,4,8,128,-1.0
4,93030,8,1,64,256.039846688509
4,93030,8,1,128,451.00538805127144
4,93030,8,4,64,255.83777204155922
4,93030,8,8,64,255.98285580053926
4,93030,16,1,64,505.6490949355066
4,93030,16,2,128,897.9210811667144
4,93030,16,8,128,897.5461460649967
4,93030,32,2,128,1797.2192903980613
4,93030,64,1,64,2016.978556290269
4,93030,64,4,64,2015.088071115315
4,93030,64,8,64,2016.2296509370208
4,93030,128,1,128,7201.0592170991
4,93030,128,8,128,7193.441763985902
4,93233,32,4,64,1015.0250261649489
4,93233,32,8,128,1803.7681998685002
4,93233,64,2,128,3607.5049289502203
4,93233,128,1,64,4060.735987033695
4,93233,128,4,64,4060.730380937457
4,93233,128,8,128,7234.702419023961
4,94976,32,2,128,1873.5147356055677
4,94976,64,1,64,2103.074789047241
4,94976,64,4,64,2103.1689872033894
4,94976,64,8,64,2102.703285869211
4,94976,128,1,128,7539.88420125097
4,94976,128,8,128,7559.2218190431595
4,101250,32,2,64,1199.562355875969
4,101250,32,4,128,2130.156574770808
4,101250,64,2,64,2394.5414568297565
4,101250,64,4,128,4276.99077129364
4,101250,128,2,64,4793.770916759968
4,101250,128,4,128,8574.187411926687
4,102318,16,1,128,1085.9292699024081
4,102318,16,4,128,1085.0452268496156
4,102318,32,1,64,1223.8684576004744
4,102318,32,4,64,1223.3845978043973
4,102318,32,8,128,2180.879116989672
4,102318,64,2,128,4363.385498989373
4,102318,128,1,64,4888.813245110214
4,102318,128,4,64,4890.206723008305
4,102318,128,8,64,4891.53858833015
4,104155,8,2,128,565.9241885878146
4,104155,8,8,128,565.5305497348309
4,104155,16,2,64,635.3148939087987
4,104155,16,4,64,635.2188629098237
4,104155,16,8,64,635.472172871232
4,104155,32,1,64,1266.71920157969
4,104155,32,4,64,1268.7657098285854
4,104155,32,8,128,2264.1089516691864
4,104155,64,2,128,4521.915418095887
4,104155,128,1,64,5076.606682036072
4,104155,128,4,64,5067.4652750603855
4,104155,128,8,64,5073.674809187651
4,104990,8,2,128,575.3938052803278
4,104990,8,8,128,576.6904768534005
4,104990,16,2,64,644.4031889550388
4,104990,16,4,64,644.8453548364341
4,104990,16,8,64,644.2430969327688
4,104990,32,1,64,1287.3782687820494
4,104990,32,4,64,1288.8288903050125
4,104990,32,8,128,2299.807050265372
4,104990,64,2,128,4601.31414514035
4,104990,128,1,64,5156.417850870639
4,104990,128,4,64,5148.131023626775
4,104990,128,8,64,5150.969046168029
4,108127,8,2,128,609.6639609895647
4,108127,8,8,128,610.6477449648082
4,108127,16,2,64,684.1497328132391
4,108127,16,4,64,684.9986407905817
4,108127,16,8,64,683.2434842363
4,108127,32,1,64,1363.7777748517692
4,108127,32,4,64,1364.7230323404074
4,108127,32,8,128,2436.6626790724695
4,108127,64,2,128,4879.533527884632
4,108127,128,1,64,5466.101733036339
4,108127,128,4,64,5469.948793761432
4,108127,128,8,64,5469.155594706535
4,111290,8,2,128,645.3512292355299
4,111290,8,8,64,362.85752011463046
4,111290,16,1,64,723.1556801125407
4,111290,16,2,128,1289.9463498033583
4,111290,16,8,128,1295.6484709866345
4,111290,32,2,128,2580.7967837899923
4,111290,64,1,64,2890.7906748354435
4,111290,64,4,64,2890.4523300006986
4,111290,64,8,64,2890.826308168471
4,111290,128,1,128,10402.901776134968
4,111290,128,8,128,10373.164169955999
4,111499,32,2,128,2588.1530451588333
4,111499,64,1,64,2904.35098297894
4,111499,64,4,64,2904.6345469541848
4,111499,64,8,128,5193.880806211382
4,111499,128,2,128,10459.650933276862
4,112462,2,1,64,94.69054779037833
4,112462,2,1,128,169.76360278204083
4,112462,2,2,64,94.54741608351469
4,112462,2,2,128,169.57432683557272
4,112462,2,4,64,-1.0
4,112462,2,4,128,-1.0
4,112462,2,8,64,-1.0
4,112462,2,8,128,-1.0
4,112462,4,1,64,187.62427009642124
4,112462,4,1,128,333.9554173871875
4,112462,4,2,64,187.49357713386416
4,112462,4,2,128,333.4405170753598
4,112462,4,4,64,187.4489700421691
4,112462,4,4,128,333.3939895965159
4,112462,4,8,64,-1.0
4,112462,4,8,128,-1.0
4,112462,8,1,64,370.5499339848757
4,112462,8,2,64,371.05875415727496
4,112462,8,2,128,658.5155390202999
4,112462,8,8,128,659.4748119823635
4,112462,16,2,64,738.6093651875854
4,112462,16,4,64,738.1837507709861
4,112462,16,8,64,738.6812749318779
4,112462,32,1,64,1475.7055006921291
4,112462,32,4,64,1475.0309260562062
4,112462,32,8,128,2634.292053990066
4,112462,64,2,128,5284.664398059249
4,112462,128,1,64,5916.039512027055
4,112462,128,4,64,5916.894187219441
4,112462,128,8,64,5915.494855958968
4,115266,8,2,128,692.9084649309516
4,115266,8,8,128,691.0461382940412
4,115266,16,2,64,776.2267743237317
4,115266,16,4,64,775.231309235096
4,115266,16,8,64,775.8778519928455
4,115266,32,1,64,1550.1826331019402
4,115266,32,4,64,1549.8109688051045
4,115266,32,8,64,1550.4665048792958
4,115266,64,1,128,5552.5070847943425
4,115266,64,8,128,5559.425755869597
4,115266,128,2,128,11202.718099113554
4,118347,2,1,64,104.97771995142102
4,118347,2,1,128,187.70672986283898
4,118347,2,2,64,105.01458309590816
4,118347,2,2,128,187.78810370713472
4,118347,2,4,64,-1.0
4,118347,2,4,128,-1.0
4,118347,2,8,64,-1.0
4,118347,2,8,128,-1.0
4,118347,4,1,64,207.76720391586423
4,118347,4,1,128,367.7521082572639
4,118347,4,2,64,207.76448911055923
4,118347,4,2,128,368.2211358100176
4,118347,4,4,64,207.4215542525053
4,118347,4,4,128,367.8882480598986
4,118347,4,8,64,-1.0
4,118347,4,8,128,-1.0
4,118347,8,1,64,410.70167208090425
4,118347,8,1,128,726.3901960104704
4,118347,8,4,64,409.87843414768577
4,118347,8,4,128,729.0419549681246
4,118347,16,1,128,1460.26302408427
4,118347,16,4,128,1460.9676450490952
4,118347,32,1,128,2915.6159698031843
4,118347,32,8,128,2921.2144957855344
4,118347,64,2,128,5874.148102011532
4,118347,128,1,64,6554.71460474655
4,118347,128,4,64,6547.037938144058
4,118347,128,8,128,11856.785098090768
4,118583,32,2,128,2926.8802809529006
4,118583,64,1,64,3288.3722791448236
4,118583,64,4,64,3284.9822510033846
4,118583,64,8,128,5879.880423657596
4,118583,128,2,128,11919.23530306667
4,122507,2,1,64,112.31165891513228
4,122507,2,1,128,200.4399998113513
4,122507,2,2,64,112.27629985660315
4,122507,2,2,128,200.61509916558862
4,122507,2,4,64,-1.0
4,122507,2,4,128,-1.0
4,122507,2,8,64,-1.0
4,122507,2,8,128,-1.0
4,122507,4,1,64,222.5683298893273
4,122507,4,1,128,393.4736927039921
4,122507,4,2,64,222.70701499655843
4,122507,4,2,128,393.394464161247
4,122507,4,4,64,222.6957599632442
4,122507,4,4,128,393.0540969595313
4,122507,4,8,64,-1.0
4,122507,4,8,128,-1.0
4,122507,8,1,64,440.1297941803932
4,122507,8,2,64,439.5438889041543
4,122507,8,2,128,781.3152237795293
4,122507,8,8,128,781.7441080696881
4,122507,16,2,64,878.4248023293912
4,122507,16,4,64,878.1815436668694
4,122507,16,8,64,878.3821160905063
4,122507,32,1,64,1754.8387697897851
4,122507,32,4,64,1755.5605629459023
4,122507,32,8,128,3130.6541077792645
4,122507,64,2,128,6304.439288098365
4,122507,128,1,64,7035.735137760639
4,122507,128,4,64,7043.617847841233
4,122507,128,8,64,7029.618280939758
4,131072,8,2,64,503.1335260719061
4,131072,8,4,64,503.58135625720024
4,131072,8,8,64,502.85465409979224
4,131072,16,1,64,1003.3379457890987
4,131072,16,2,128,1788.3117641322315
4,131072,16,8,128,1790.5214549973607
4,131072,32,2,128,3580.2227398380637
4,131072,64,1,64,4017.750449012965
4,131072,64,4,64,4011.9127477519214
4,131072,64,8,64,4012.8687820397317
4,131072,128,1,128,14665.81472195685
4,131072,128,8,128,14687.380690127611
8,18671,32,4,128,149.38452374190092
8,18671,64,2,64,166.07916494831443
8,18671,64,4,128,295.5732918344438
8,18671,128,2,64,330.64931398257613
8,18671,128,4,128,581.2701028771698
8,20042,8,8,128,43.73391019180417
8,20042,16,2,64,48.55301836505532
8,20042,16,4,64,48.657975159585476
8,20042,16,8,64,48.563769087195396
8,20042,32,1,128,171.52145598083735
8,20042,32,8,64,96.52589028701186
8,20042,64,1,128,338.91706820577383
8,20042,64,8,128,335.7770540751517
8,20042,128,2,128,669.9040178209543
8,20397,2,1,64,6.5403650514781475
8,20397,2,1,128,11.737138964235783
8,20397,2,2,64,6.557710003107786
8,20397,2,2,128,11.722323019057512
8,20397,2,4,64,-1.0
8,20397,2,4,128,-1.0
8,20397,2,8,64,-1.0
8,20397,2,8,128,-1.0
8,20397,4,1,64,12.781887780874968
8,20397,4,1,128,22.888751234859228
8,20397,4,2,64,12.820992153137922
8,20397,4,2,128,22.95377431437373
8,20397,4,4,64,12.736257165670395
8,20397,4,4,128,22.89425488561392
8,20397,4,8,64,-1.0
8,20397,4,8,128,-1.0
8,20397,8,1,64,25.4416991956532
8,20397,8,1,128,45.5292509868741
8,20397,8,2,128,45.54944299161434
8,20397,8,8,128,45.38563685491681
8,20397,16,2,64,50.537675619125366
8,20397,16,4,64,50.47204438596964
8,20397,16,8,64,50.52292300388217
8,20397,32,1,128,178.61802503466606
8,20397,32,8,64,100.0808090902865
8,20397,64,1,128,348.81123807281256
8,20397,64,8,128,347.3389120772481
8,20397,128,2,128,691.7735231108963
8,27472,2,1,64,11.754849925637245
8,27472,2,1,128,20.92828508466482
8,27472,2,2,64,11.706627905368805
8,27472,2,2,128,21.002074237912893
8,27472,2,4,64,-1.0
8,27472,2,4,128,-1.0
8,27472,2,8,64,-1.0
8,27472,2,8,128,-1.0
8,27472,4,1,64,22.985104005783796
8,27472,4,1,128,41.07194533571601
8,27472,4,2,64,22.925072815269232
8,27472,4,2,128,41.08036123216152
8,27472,4,4,64,23.00603175535798
8,27472,4,8,64,-1.0
8,27472,4,8,128,-1.0
8,27472,8,1,64,45.43585190549493
8,27472,8,2,128,81.06113085523248
8,27472,8,8,64,45.56087218225002
8,27472,16,1,64,90.14074178412557
8,27472,16,2,128,160.58770194649696
8,27472,32,1,64,179.44560013711452
8,27472,32,4,64,179.81624789536
8,27472,32,8,128,318.3762957341969
8,27472,64,2,128,628.2738959416747
8,27472,128,1,64,709.4861133955419
8,27472,128,4,64,708.6607222445309
8,27472,128,8,128,1253.761081956327
8,28451,32,2,64,193.08337522670627
8,28451,32,4,128,340.0062979198992
8,28451,64,2,64,382.2629749774933
8,28451,64,4,128,672.1307132393122
8,28451,128,2,64,763.4980729781091
8,28451,128,4,128,1344.7565832175314
8,32768,8,4,128,116.59712390974164
8,32768,16,1,128,230.7539051398635
8,32768,16,4,128,231.02653585374355
8,32768,32,2,64,255.50282886251807
8,32768,32,4,128,448.78991786390543
8,32768,64,2,64,503.1499247997999
8,32768,64,4,128,893.3304511010647
8,32768,128,2,64,1004.1035930626094
8,32768,128,4,128,1781.2369940802455
8,33745,8,8,128,121.38774106279016
8,33745,16,2,64,135.55811112746596
8,33745,16,4,64,135.49065683037043
8,33745,16,8,64,136.33536826819181
8,33745,32,1,64,269.48625268414617
8,33745,32,4,64,269.43767769262195
8,33745,32,8,128,474.0699580870569
8,33745,64,2,128,943.4752338565886
8,33745,128,1,64,1068.0029140785336
8,33745,128,4,64,1068.6539090238512
8,33745,128,8,128,1880.285388790071
8,33810,32,2,128,475.93580931425095
8,33810,64,1,64,538.8087569735944
8,33810,64,4,64,537.1821401640773
8,33810,64,8,128,948.4466430731118
8,33810,128,2,128,1891.5075929835439
8,35617,2,1,64,19.413355737924576
8,35617,2,1,128,34.63832614943385
8,35617,2,2,64,19.31879809126258
8,35617,2,2,128,34.75074004381895
8,35617,2,4,64,-1.0
8,35617,2,4,128,-1.0
8,35617,2,8,64,-1.0
8,35617,2,8,128,-1.0
8,35617,4,1,64,38.50435093045235
8,35617,4,1,128,68.27094731852412
8,35617,4,2,64,38.3371552452445
8,35617,4,2,128,68.45558201894164
8,35617,4,4,64,38.4120661765337
8,35617,4,4,128,68.4195188805461
8,35617,4,8,64,-1.0
8,35617,4,8,128,-1.0
8,35617,8,1,64,76.19345700368285
8,35617,8,1,128,135.24525007233024
8,35617,8,4,64,76.04609988629818
8,35617,8,8,64,76.41860330477357
8,35617,16,1,64,151.4460383914411
8,35617,16,2,128,269.6411730721593
8,35617,16,8,128,269.83739295974374
8,35617,32,2,128,528.7161241285503
8,35617,64,1,64,598.2669028453529
8,35617,64,4,64,596.4679312892258
8,35617,64,8,64,596.5343220159411
8,35617,128,1,128,2096.7911211773753
8,35617,128,8,128,2100.0391729176044
8,35839,32,2,128,534.2099638655782
8,35839,64,1,64,601.7238413915038
8,35839,64,4,64,600.6336379796267
8,35839,64,8,128,1061.7127483710647
8,35839,128,2,128,2117.4032879061997
8,39933,2,1,64,24.157795123755932
8,39933,2,1,128,43.35057595744729
8,39933,2,2,64,24.152930825948715
8,39933,2,2,128,43.195667676627636
8,39933,2,4,64,-1.0
8,39933,2,4,128,-1.0
8,39933,2,8,64,-1.0
8,39933,2,8,128,-1.0
8,39933,4,1,64,47.57541883736849
8,39933,4,1,128,85.24400927126408
8,39933,4,2,64,47.679000068455935
8,39933,4,2,128,85.30231099575758
8,39933,4,4,64,47.90117125958204
8,39933,4,4,128,85.15345072373748
8,39933,4,8,64,-1.0
8,39933,4,8,128,-1.0
8,39933,8,1,64,94.89379031583667
8,39933,8,2,64,94.83100706711411
8,39933,8,2,128,169.09138392657042
8,39933,8,8,128,169.34361774474382
8,39933,16,2,64,188.77116404473782
8,39933,16,4,64,188.83890705183148
8,39933,16,8,128,334.8820903338492
8,39933,32,2,128,658.7466169148684
8,39933,64,1,64,747.0884239301085
8,39933,64,4,64,745.6971714273095
8,39933,64,8,64,746.0383796133101
8,39933,128,1,128,2625.490128993988
8,39933,128,8,128,2625.881507061422
8,40392,32,2,128,676.7608029767871
8,40392,64,1,64,764.6512291394174
8,40392,64,4,64,763.4860980324447
8,40392,64,8,128,1347.7231659926474
8,40392,128,2,128,2688.4171129204333
8,46594,2,1,64,33.026549965143204
8,46594,2,1,128,58.63579222932458
8,46594,2,2,64,32.87666570395231
8,46594,2,2,128,58.781292755156755
8,46594,2,4,64,-1.0
8,46594,2,4,128,-1.0
8,46594,2,8,64,-1.0
8,46594,2,8,128,-1.0
8,46594,4,1,64,65.1923231780529
8,46594,4,1,128,115.86435604840517
8,46594,4,2,64,65.01532206311822
8,46594,4,2,128,116.28260696306825
8,46594,4,4,64,65.07295137271285
8,46594,4,4,128,116.0604739561677
8,46594,4,8,64,-1.0
8,46594,4,8,128,-1.0
8,46594,8,1,64,129.56298887729645
8,46594,8,2,64,129.19679936021566
8,46594,8,4,128,230.75042478740215
8,46594,16,1,64,256.6589009948075
8,46594,16,2,128,453.15935369580984
8,46594,16,8,128,454.2912635952234
8,46594,32,2,128,899.8339562676847
8,46594,64,1,64,1018.1478960439563
8,46594,64,4,64,1018.5890947468579
8,46594,64,8,128,1794.4684368558228
8,46594,128,2,128,3586.2609022296965
8,49328,2,1,64,36.88969882205129
8,49328,2,1,128,65.64855063334107
8,49328,2,2,64,36.811876110732555
8,49328,2,2,128,66.02367991581559
8,49328,2,4,64,-1.0
8,49328,2,4,128,-1.0
8,49328,2,8,64,-1.0
8,49328,2,8,128,-1.0
8,49328,4,1,64,73.34094308316708
8,49328,4,1,128,130.2883541211486
8,49328,4,2,64,72.94034212827682
8,49328,4,2,128,129.8620910383761
8,49328,4,4,64,72.98523699864745
8,49328,4,4,128,129.6726861037314
8,49328,4,8,64,-1.0
8,49328,4,8,128,-1.0
8,49328,8,1,64,144.70941107720137
8,49328,8,1,128,258.3814230747521
8,49328,8,4,128,258.21397081017494
8,49328,16,1,128,506.07889937236905
8,49328,16,4,128,504.42888494580984
8,49328,32,1,64,571.5044480748475
8,49328,32,4,64,571.3575999252498
8,49328,32,8,128,1005.6508048437536
8,49328,64,2,128,2005.3313202224672
8,49328,128,1,64,2276.7141456715763
8,49328,128,4,64,2276.2911398895085
8,49328,128,8,128,4006.458885036409
8,50639,32,2,128,1061.733127105981
8,50639,64,1,64,1200.425626244396
8,50639,64,4,64,1201.1359850876033
8,50639,64,8,128,2120.5750699155033
8,50639,128,2,128,4225.591295864433
8,52118,2,1,64,41.37844126671553
8,52118,2,1,128,73.98270396515727
8,52118,2,2,64,41.37252131476998
8,52118,2,2,128,73.58130672946572
8,52118,2,4,64,-1.0
8,52118,2,4,128,-1.0
8,52118,2,8,64,-1.0
8,52118,2,8,128,-1.0
8,52118,4,1,64,81.5760800614953
8,52118,4,1,128,145.13533608987927
8,52118,4,2,64,81.35698223486543
8,52118,4,2,128,145.0099037028849
8,52118,4,4,64,81.41912892460823
8,52118,4,4,128,145.31920896843076
8,52118,4,8,64,-1.0
8,52118,4,8,128,-1.0
8,52118,8,1,64,161.47528681904078
8,52118,8,1,128,288.7093801982701
8,52118,8,2,128,288.57059963047504
8,52118,8,8,128,288.56730507686734
8,52118,16,2,64,320.42600167915225
8,52118,16,4,64,319.00908006355166
8,52118,16,8,64,319.98502323403955
8,52118,32,1,64,637.2306342236698
8,52118,32,4,64,637.8139136359096
8,52118,32,8,128,1126.5993593260646
8,52118,64,2,128,2245.6476939842105
8,52118,128,1,64,2542.450529988855
8,52118,128,4,64,2540.194933768362
8,52118,128,8,128,4480.301162227988
8,57039,32,2,64,760.9028248116374
8,57039,32,4,128,1348.7144117243588
8,57039,64,2,64,1521.781299263239
8,57039,64,4,128,2686.941283289343
8,57039,128,2,64,3041.1375733092427
8,57039,128,4,128,5369.563256856054
8,62003,8,4,128,402.5103263556957
8,62003,16,1,128,797.4679190665483
8,62003,16,4,128,798.0776308104396
8,62003,32,2,64,899.9843709170818
8,62003,32,4,128,1590.6104603782296
8,62003,64,2,64,1799.0528219379485
8,62003,64,4,128,3178.66322863847
8,62003,128,2,64,3593.23463216424
8,62003,128,4,128,6340.487685985863
8,65536,8,4,128,449.49985668063164
8,65536,16,1,128,892.6081331446767
8,65536,16,4,128,893.7621330842376
8,65536,32,1,128,1782.6893799938262
8,65536,32,8,64,1002.3922910913825
8,65536,64,1,128,3559.702054131776
8,65536,64,8,128,3563.6492357589304
8,65536,128,2,128,7119.0992197953165
8,65962,2,1,64,65.15850219875574
8,65962,2,1,128,117.07424419000745
8,65962,2,2,64,65.28582703322172
8,65962,2,2,128,116.68497463688254
8,65962,2,4,64,-1.0
8,65962,2,4,128,-1.0
8,65962,2,8,64,-1.0
8,65962,2,8,128,-1.0
8,65962,4,1,64,129.50499402359128
8,65962,4,1,128,231.0405047610402
8,65962,4,2,64,129.66726208105683
8,65962,4,2,128,230.43847270309925
8,65962,4,4,64,129.51692985370755
8,65962,4,4,128,231.0631931759417
8,65962,4,8,64,-1.0
8,65962,4,8,128,-1.0
8,65962,8,1,64,257.7671720646322
8,65962,8,1,128,452.8285479173064
8,65962,8,4,64,257.76070915162563
8,65962,8,4,128,452.69985077902675
8,65962,16,1,128,901.101796887815
8,65962,16,4,128,899.4212965480983
8,65962,32,1,128,1799.639559816569
8,65962,32,8,64,1016.4520763792098
8,65962,64,1,128,3592.9938941262662
8,65962,64,8,128,3593.8810571096838
8,65962,128,2,128,7181.596563197672
8,67276,2,1,64,67.75477901101112
8,67276,2,1,128,120.66584918648005
8,67276,2,2,64,67.62934289872646
8,67276,2,2,128,120.51410926505923
8,67276,2,4,64,-1.0
8,67276,2,4,128,-1.0
8,67276,2,8,64,-1.0
8,67276,2,8,128,-1.0
8,67276,4,1,64,134.34245204553008
8,67276,4,1,128,240.47360802069306
8,67276,4,2,64,134.70193091779947
8,67276,4,2,128,241.21186137199402
8,67276,4,4,64,134.4433780759573
8,67276,4,4,128,240.72845885530114
8,67276,4,8,64,-1.0
8,67276,4,8,128,-1.0
8,67276,8,1,64,266.86525205150247
8,67276,8,1,128,469.68240896239877
8,67276,8,2,128,470.192379783839
8,67276,8,8,128,470.6506091170013
8,67276,16,2,64,529.8158209770918
8,67276,16,4,64,528.1658810563385
8,67276,16,8,64,529.3891769833863
8,67276,32,1,64,1056.534891948104
8,67276,32,4,64,1056.2431239522994
8,67276,32,8,128,1870.1124698854983
8,67276,64,2,128,3731.142924167216
8,67276,128,1,64,4225.714212283492
